"../../../Engine/Plugins/2D/Paper2D/Content/PlaceholderTextures/DummySpriteTexture.ubulk" 0
"../../../Engine/Plugins/2D/Paper2D/Content/PlaceholderTextures/DummySpriteTexture.uasset" 1
"../../../Engine/Plugins/2D/Paper2D/Content/PlaceholderTextures/DummySpriteTexture.uexp" 2
"../../../Engine/Plugins/2D/Paper2D/Content/DummySprite.uasset" 3
"../../../Engine/Plugins/2D/Paper2D/Content/DummySprite.uexp" 4
"../../../Engine/Plugins/2D/Paper2D/Content/DefaultPaperTerrainMaterial.uasset" 5
"../../../Engine/Plugins/2D/Paper2D/Content/DefaultPaperTerrainMaterial.uexp" 6
"../../../Engine/Plugins/Animation/ACLPlugin/Content/ACLAnimBoneCompressionSettings.uasset" 7
"../../../Engine/Plugins/Animation/ACLPlugin/Content/ACLAnimBoneCompressionSettings.uexp" 8
"../../../Engine/Plugins/Animation/ACLPlugin/Content/ACLAnimCurveCompressionSettings.uasset" 9
"../../../Engine/Plugins/Animation/ACLPlugin/Content/ACLAnimCurveCompressionSettings.uexp" 10
"../../../Engine/Content/Animation/DefaultRecorderBoneCompression.uasset" 11
"../../../Engine/Content/Animation/DefaultRecorderBoneCompression.uexp" 12
"../../../Engine/Content/Animation/DefaultVariableFrameStrippingSettings.uasset" 13
"../../../Engine/Content/Animation/DefaultVariableFrameStrippingSettings.uexp" 14
"../../../Engine/Content/EngineFonts/Faces/DroidSansFallback.uexp" 15
"../../../Engine/Content/EngineFonts/Faces/DroidSansFallback.uasset" 16
"../../../Engine/Content/EngineFonts/Faces/DroidSansFallback.ufont" 17
"../../../Engine/Content/EngineFonts/Faces/RobotoBold.uexp" 18
"../../../Engine/Content/EngineFonts/Faces/RobotoBold.uasset" 19
"../../../Engine/Content/EngineFonts/Faces/RobotoBold.ufont" 20
"../../../Engine/Content/EngineFonts/Faces/RobotoBoldItalic.uexp" 21
"../../../Engine/Content/EngineFonts/Faces/RobotoBoldItalic.uasset" 22
"../../../Engine/Content/EngineFonts/Faces/RobotoBoldItalic.ufont" 23
"../../../Engine/Content/EngineFonts/Faces/RobotoItalic.uexp" 24
"../../../Engine/Content/EngineFonts/Faces/RobotoItalic.uasset" 25
"../../../Engine/Content/EngineFonts/Faces/RobotoItalic.ufont" 26
"../../../Engine/Content/EngineFonts/Faces/RobotoLight.uexp" 27
"../../../Engine/Content/EngineFonts/Faces/RobotoLight.uasset" 28
"../../../Engine/Content/EngineFonts/Faces/RobotoLight.ufont" 29
"../../../Engine/Content/EngineFonts/Faces/RobotoRegular.uexp" 30
"../../../Engine/Content/EngineFonts/Faces/RobotoRegular.uasset" 31
"../../../Engine/Content/EngineFonts/Faces/RobotoRegular.ufont" 32
"../../../Engine/Content/EngineFonts/Roboto.uasset" 33
"../../../Engine/Content/EngineFonts/Roboto.uexp" 34
"../../../Engine/Content/EngineMaterials/DefaultDestructiblePhysicalMaterial.uasset" 35
"../../../Engine/Content/EngineMaterials/DefaultDestructiblePhysicalMaterial.uexp" 36
"../../../Engine/Content/EngineMaterials/DefaultPhysicalMaterial.uasset" 37
"../../../Engine/Content/EngineMaterials/DefaultPhysicalMaterial.uexp" 38
"../../../Engine/Content/EngineSounds/Master.uasset" 39
"../../../Engine/Content/EngineSounds/Master.uexp" 40
"../../../Engine/Plugins/Animation/ControlRig/Content/Controls/DefaultGizmoLibraryNormalized.uasset" 41
"../../../Engine/Plugins/Animation/ControlRig/Content/Controls/DefaultGizmoLibraryNormalized.uexp" 42
"../../../Engine/Plugins/Interchange/Runtime/Content/Pipelines/DefaultAssetsPipeline.uasset" 43
"../../../Engine/Plugins/Interchange/Runtime/Content/Pipelines/DefaultAssetsPipeline.uexp" 44
"../../../Engine/Plugins/Interchange/Runtime/Content/Pipelines/DefaultAudioPipeline.uasset" 45
"../../../Engine/Plugins/Interchange/Runtime/Content/Pipelines/DefaultAudioPipeline.uexp" 46
"../../../Engine/Plugins/Interchange/Runtime/Content/Pipelines/DefaultGLTFAssetsPipeline.uasset" 47
"../../../Engine/Plugins/Interchange/Runtime/Content/Pipelines/DefaultGLTFAssetsPipeline.uexp" 48
"../../../Engine/Plugins/Interchange/Runtime/Content/Pipelines/DefaultGLTFPipeline.uasset" 49
"../../../Engine/Plugins/Interchange/Runtime/Content/Pipelines/DefaultGLTFPipeline.uexp" 50
"../../../Engine/Plugins/Interchange/Runtime/Content/Pipelines/DefaultGLTFSceneAssetsPipeline.uasset" 51
"../../../Engine/Plugins/Interchange/Runtime/Content/Pipelines/DefaultGLTFSceneAssetsPipeline.uexp" 52
"../../../Engine/Plugins/Interchange/Runtime/Content/Pipelines/DefaultMaterialPipeline.uasset" 53
"../../../Engine/Plugins/Interchange/Runtime/Content/Pipelines/DefaultMaterialPipeline.uexp" 54
"../../../Engine/Plugins/Interchange/Runtime/Content/Pipelines/DefaultMaterialXPipeline.uasset" 55
"../../../Engine/Plugins/Interchange/Runtime/Content/Pipelines/DefaultMaterialXPipeline.uexp" 56
"../../../Engine/Plugins/Interchange/Runtime/Content/Pipelines/DefaultSceneAssetsPipeline.uasset" 57
"../../../Engine/Plugins/Interchange/Runtime/Content/Pipelines/DefaultSceneAssetsPipeline.uexp" 58
"../../../Engine/Plugins/Interchange/Runtime/Content/Pipelines/DefaultSceneLevelPipeline.uasset" 59
"../../../Engine/Plugins/Interchange/Runtime/Content/Pipelines/DefaultSceneLevelPipeline.uexp" 60
"../../../Engine/Plugins/Interchange/Runtime/Content/Pipelines/DefaultTexturePipeline.uasset" 61
"../../../Engine/Plugins/Interchange/Runtime/Content/Pipelines/DefaultTexturePipeline.uexp" 62
"../../../Engine/Plugins/PCG/Content/ComputeSources/PCGCS_Quaternion.uasset" 63
"../../../Engine/Plugins/PCG/Content/ComputeSources/PCGCS_Quaternion.uexp" 64
"../../../Engine/Plugins/PCG/Content/ComputeSources/PCGCS_ShaderUtils.uasset" 65
"../../../Engine/Plugins/PCG/Content/ComputeSources/PCGCS_ShaderUtils.uexp" 66
"../../../Engine/Plugins/PCG/Content/ComputeSources/PCGCS_ShaderUtilsInternal.uasset" 67
"../../../Engine/Plugins/PCG/Content/ComputeSources/PCGCS_ShaderUtilsInternal.uexp" 68
"../../../Engine/Content/MobileResources/HUD/VirtualJoystick_Background.uasset" 69
"../../../Engine/Content/MobileResources/HUD/VirtualJoystick_Background.uexp" 70
"../../../Engine/Content/MobileResources/HUD/VirtualJoystick_Thumb.uasset" 71
"../../../Engine/Content/MobileResources/HUD/VirtualJoystick_Thumb.uexp" 72
"../../../Engine/Content/MobileResources/HUD/DefaultVirtualJoysticks.uasset" 73
"../../../Engine/Content/MobileResources/HUD/DefaultVirtualJoysticks.uexp" 74
"../../../Engine/Plugins/2D/Paper2D/Content/DefaultSpriteMaterial.uasset" 75
"../../../Engine/Plugins/2D/Paper2D/Content/DefaultSpriteMaterial.uexp" 76
"../../../Engine/Plugins/2D/Paper2D/Content/MaskedUnlitSpriteMaterial.uasset" 77
"../../../Engine/Plugins/2D/Paper2D/Content/MaskedUnlitSpriteMaterial.uexp" 78
"../../../Engine/Plugins/2D/Paper2D/Content/OpaqueUnlitSpriteMaterial.uasset" 79
"../../../Engine/Plugins/2D/Paper2D/Content/OpaqueUnlitSpriteMaterial.uexp" 80
"../../../Engine/Content/Functions/Engine_MaterialFunctions02/WorldPositionOffset/CameraOffset.uasset" 81
"../../../Engine/Content/Functions/Engine_MaterialFunctions02/WorldPositionOffset/CameraOffset.uexp" 82
"../../../Engine/Plugins/Animation/ControlRig/Content/M_Manip.uasset" 83
"../../../Engine/Plugins/Animation/ControlRig/Content/M_Manip.uexp" 84
"../../../Engine/Plugins/Runtime/WebBrowserWidget/Content/WebTexture_T.uasset" 85
"../../../Engine/Plugins/Runtime/WebBrowserWidget/Content/WebTexture_T.uexp" 86
"../../../Engine/Plugins/Runtime/WebBrowserWidget/Content/WebTexture_M.uasset" 87
"../../../Engine/Plugins/Runtime/WebBrowserWidget/Content/WebTexture_M.uexp" 88
"../../../Engine/Plugins/Runtime/WebBrowserWidget/Content/WebTexture_TM.uasset" 89
"../../../Engine/Plugins/Runtime/WebBrowserWidget/Content/WebTexture_TM.uexp" 90
"../../../Engine/Content/BasicShapes/BasicShapeMaterial.uasset" 91
"../../../Engine/Content/BasicShapes/BasicShapeMaterial.uexp" 92
"../../../Engine/Content/Functions/Engine_MaterialFunctions01/Opacity/CameraDepthFade.uasset" 93
"../../../Engine/Content/Functions/Engine_MaterialFunctions01/Opacity/CameraDepthFade.uexp" 94
"../../../Engine/Content/EngineMaterials/T_Default_Material_Grid_M.ubulk" 95
"../../../Engine/Content/EngineMaterials/T_Default_Material_Grid_M.uasset" 96
"../../../Engine/Content/EngineMaterials/T_Default_Material_Grid_M.uexp" 97
"../../../Engine/Content/EngineMaterials/T_Default_Material_Grid_N.ubulk" 98
"../../../Engine/Content/EngineMaterials/T_Default_Material_Grid_N.uasset" 99
"../../../Engine/Content/EngineMaterials/T_Default_Material_Grid_N.uexp" 100
"../../../Engine/Content/EngineMaterials/DefaultMaterial.uasset" 101
"../../../Engine/Content/EngineMaterials/DefaultMaterial.uexp" 102
"../../../Engine/Content/BasicShapes/Cone.ubulk" 103
"../../../Engine/Content/BasicShapes/Cone.uasset" 104
"../../../Engine/Content/BasicShapes/Cone.uexp" 105
"../../../Engine/Content/EngineMaterials/WorldGridMaterial.uasset" 106
"../../../Engine/Content/EngineMaterials/WorldGridMaterial.uexp" 107
"../../../Engine/Content/BasicShapes/Cube.ubulk" 108
"../../../Engine/Content/BasicShapes/Cube.uasset" 109
"../../../Engine/Content/BasicShapes/Cube.uexp" 110
"../../../Engine/Content/BasicShapes/Cylinder.ubulk" 111
"../../../Engine/Content/BasicShapes/Cylinder.uasset" 112
"../../../Engine/Content/BasicShapes/Cylinder.uexp" 113
"../../../Engine/Content/BasicShapes/Plane.ubulk" 114
"../../../Engine/Content/BasicShapes/Plane.uasset" 115
"../../../Engine/Content/BasicShapes/Plane.uexp" 116
"../../../Engine/Content/BasicShapes/Sphere.ubulk" 117
"../../../Engine/Content/BasicShapes/Sphere.uasset" 118
"../../../Engine/Content/BasicShapes/Sphere.uexp" 119
"../../../Engine/Plugins/Media/MediaPlate/Content/SM_MediaPlateScreen.ubulk" 120
"../../../Engine/Plugins/Media/MediaPlate/Content/SM_MediaPlateScreen.uasset" 121
"../../../Engine/Plugins/Media/MediaPlate/Content/SM_MediaPlateScreen.uexp" 122
"../../../Engine/Plugins/NNE/NNEDenoiser/Content/NNEDIM_ColorAlbedoNormal_Alpha.uasset" 123
"../../../Engine/Plugins/NNE/NNEDenoiser/Content/NNEDIM_ColorAlbedoNormal_Alpha.uexp" 124
"../../../Engine/Plugins/NNE/NNEDenoiser/Content/NNEDIM_ColorAlbedoNormal_Default.uasset" 125
"../../../Engine/Plugins/NNE/NNEDenoiser/Content/NNEDIM_ColorAlbedoNormal_Default.uexp" 126
"../../../Engine/Plugins/NNE/NNEDenoiser/Content/NNEDIM_HighQuality_Alpha.uasset" 127
"../../../Engine/Plugins/NNE/NNEDenoiser/Content/NNEDIM_HighQuality_Alpha.uexp" 128
"../../../Engine/Plugins/NNE/NNEDenoiser/Content/NNEDIM_HighQuality_Default.uasset" 129
"../../../Engine/Plugins/NNE/NNEDenoiser/Content/NNEDIM_HighQuality_Default.uexp" 130
"../../../Engine/Plugins/NNE/NNEDenoiser/Content/NNEDOM_Output_Alpha.uasset" 131
"../../../Engine/Plugins/NNE/NNEDenoiser/Content/NNEDOM_Output_Alpha.uexp" 132
"../../../Engine/Plugins/NNE/NNEDenoiser/Content/NNEDOM_Output_Default.uasset" 133
"../../../Engine/Plugins/NNE/NNEDenoiser/Content/NNEDOM_Output_Default.uexp" 134
"../../../Engine/Plugins/NNE/NNEDenoiser/Content/NNEDTIM_ColorAlbedoNormal_Alpha.uasset" 135
"../../../Engine/Plugins/NNE/NNEDenoiser/Content/NNEDTIM_ColorAlbedoNormal_Alpha.uexp" 136
"../../../Engine/Plugins/NNE/NNEDenoiser/Content/NNEDTIM_ColorAlbedoNormal_Default.uasset" 137
"../../../Engine/Plugins/NNE/NNEDenoiser/Content/NNEDTIM_ColorAlbedoNormal_Default.uexp" 138
"../../../Engine/Plugins/NNE/NNEDenoiser/Content/NNEDTOM_Output_Alpha.uasset" 139
"../../../Engine/Plugins/NNE/NNEDenoiser/Content/NNEDTOM_Output_Alpha.uexp" 140
"../../../Engine/Plugins/NNE/NNEDenoiser/Content/NNEDTOM_Output_Default.uasset" 141
"../../../Engine/Plugins/NNE/NNEDenoiser/Content/NNEDTOM_Output_Default.uexp" 142
"../../../Engine/Plugins/NNE/NNEDenoiser/Content/NNEDT_Oidn2-3_Balanced.uasset" 143
"../../../Engine/Plugins/NNE/NNEDenoiser/Content/NNEDT_Oidn2-3_Balanced.uexp" 144
"../../../Engine/Plugins/NNE/NNEDenoiser/Content/NNEDT_Oidn2-3_Balanced_Alpha.uasset" 145
"../../../Engine/Plugins/NNE/NNEDenoiser/Content/NNEDT_Oidn2-3_Balanced_Alpha.uexp" 146
"../../../Engine/Plugins/NNE/NNEDenoiser/Content/NNED_Oidn2-3_Balanced.uasset" 147
"../../../Engine/Plugins/NNE/NNEDenoiser/Content/NNED_Oidn2-3_Balanced.uexp" 148
"../../../Engine/Plugins/NNE/NNEDenoiser/Content/NNED_Oidn2-3_Balanced_Alpha.uasset" 149
"../../../Engine/Plugins/NNE/NNEDenoiser/Content/NNED_Oidn2-3_Balanced_Alpha.uexp" 150
"../../../Engine/Plugins/NNE/NNEDenoiser/Content/NNED_Oidn2-3_Fast.uasset" 151
"../../../Engine/Plugins/NNE/NNEDenoiser/Content/NNED_Oidn2-3_Fast.uexp" 152
"../../../Engine/Plugins/NNE/NNEDenoiser/Content/NNED_Oidn2-3_Fast_Alpha.uasset" 153
"../../../Engine/Plugins/NNE/NNEDenoiser/Content/NNED_Oidn2-3_Fast_Alpha.uexp" 154
"../../../Engine/Plugins/NNE/NNEDenoiser/Content/NNED_Oidn2-3_HighQuality.uasset" 155
"../../../Engine/Plugins/NNE/NNEDenoiser/Content/NNED_Oidn2-3_HighQuality.uexp" 156
"../../../Engine/Plugins/NNE/NNEDenoiser/Content/NNED_Oidn2-3_HighQuality_Alpha.uasset" 157
"../../../Engine/Plugins/NNE/NNEDenoiser/Content/NNED_Oidn2-3_HighQuality_Alpha.uexp" 158
"../../../Engine/Plugins/NNE/NNEDenoiser/Content/NNE_oidn2-3-0_rt_hdr_alb_nrm_small__dyn__fp16_opset11_DenoiseAlpha.uasset" 159
"../../../Engine/Plugins/NNE/NNEDenoiser/Content/NNE_oidn2-3-0_rt_hdr_alb_nrm_small__dyn__fp16_opset11_DenoiseAlpha.uexp" 160
"../../../Engine/Plugins/NNE/NNEDenoiser/Content/NNE_oidn2-3-0_rt_hdr_alb_nrm_small__dyn__fp16_opset11_ForwardAlpha.uasset" 161
"../../../Engine/Plugins/NNE/NNEDenoiser/Content/NNE_oidn2-3-0_rt_hdr_alb_nrm_small__dyn__fp16_opset11_ForwardAlpha.uexp" 162
"../../../Engine/Plugins/NNE/NNEDenoiser/Content/NNE_oidn2-3-0_rt_hdr_alb_nrm__dyn__fp16_opset11_DenoiseAlpha.uasset" 163
"../../../Engine/Plugins/NNE/NNEDenoiser/Content/NNE_oidn2-3-0_rt_hdr_alb_nrm__dyn__fp16_opset11_DenoiseAlpha.uexp" 164
"../../../Engine/Plugins/NNE/NNEDenoiser/Content/NNE_oidn2-3-0_rt_hdr_alb_nrm__dyn__fp16_opset11_ForwardAlpha.uasset" 165
"../../../Engine/Plugins/NNE/NNEDenoiser/Content/NNE_oidn2-3-0_rt_hdr_alb_nrm__dyn__fp16_opset11_ForwardAlpha.uexp" 166
"../../../Engine/Plugins/NNE/NNEDenoiser/Content/NNE_oidn2-3-0_rt_hdr_calb_cnrm_large__dyn__fp16_opset11_DenoiseAlpha.uasset" 167
"../../../Engine/Plugins/NNE/NNEDenoiser/Content/NNE_oidn2-3-0_rt_hdr_calb_cnrm_large__dyn__fp16_opset11_DenoiseAlpha.uexp" 168
"../../../Engine/Plugins/NNE/NNEDenoiser/Content/NNE_oidn2-3-0_rt_hdr_calb_cnrm_large__dyn__fp16_opset11_ForwardAlpha.uasset" 169
"../../../Engine/Plugins/NNE/NNEDenoiser/Content/NNE_oidn2-3-0_rt_hdr_calb_cnrm_large__dyn__fp16_opset11_ForwardAlpha.uexp" 170
"../../../Engine/Content/EditorLandscapeResources/DefaultAlphaTexture.uasset" 171
"../../../Engine/Content/EditorLandscapeResources/DefaultAlphaTexture.uexp" 172
"../../../Engine/Content/EditorLandscapeResources/ColorMaskBrushMaterial.uasset" 173
"../../../Engine/Content/EditorLandscapeResources/ColorMaskBrushMaterial.uexp" 174
"../../../Engine/Content/EditorLandscapeResources/ColorMaskBrushMaterial_MaskedRegion.uasset" 175
"../../../Engine/Content/EditorLandscapeResources/ColorMaskBrushMaterial_MaskedRegion.uexp" 176
"../../../Engine/Content/EditorLandscapeResources/LandscapeDirtyMaterial.uasset" 177
"../../../Engine/Content/EditorLandscapeResources/LandscapeDirtyMaterial.uexp" 178
"../../../Engine/Content/EngineMaterials/DefaultDiffuse.ubulk" 179
"../../../Engine/Content/EngineMaterials/DefaultDiffuse.uasset" 180
"../../../Engine/Content/EngineMaterials/DefaultDiffuse.uexp" 181
"../../../Engine/Content/Functions/Engine_MaterialFunctions01/Texturing/TextureCropping.uasset" 182
"../../../Engine/Content/Functions/Engine_MaterialFunctions01/Texturing/TextureCropping.uexp" 183
"../../../Engine/Content/Functions/Engine_MaterialFunctions02/ExampleContent/DebugNumberStrip.uasset" 184
"../../../Engine/Content/Functions/Engine_MaterialFunctions02/ExampleContent/DebugNumberStrip.uexp" 185
"../../../Engine/Content/Functions/Engine_MaterialFunctions01/Debug/DebugIntValues.uasset" 186
"../../../Engine/Content/Functions/Engine_MaterialFunctions01/Debug/DebugIntValues.uexp" 187
"../../../Engine/Content/Functions/Engine_MaterialFunctions02/Utility/BreakOutFloat2Components.uasset" 188
"../../../Engine/Content/Functions/Engine_MaterialFunctions02/Utility/BreakOutFloat2Components.uexp" 189
"../../../Engine/Content/Functions/Engine_MaterialFunctions01/Texturing/ScaleUVsByCenter.uasset" 190
"../../../Engine/Content/Functions/Engine_MaterialFunctions01/Texturing/ScaleUVsByCenter.uexp" 191
"../../../Engine/Content/Functions/Engine_MaterialFunctions02/WorldPositionOffset/LocalPosition.uasset" 192
"../../../Engine/Content/Functions/Engine_MaterialFunctions02/WorldPositionOffset/LocalPosition.uexp" 193
"../../../Engine/Content/EditorLandscapeResources/LandscapeLayerUsageMaterial.uasset" 194
"../../../Engine/Content/EditorLandscapeResources/LandscapeLayerUsageMaterial.uexp" 195
"../../../Engine/Content/EditorMaterials/PhAT_NoCollisionMaterial.uasset" 196
"../../../Engine/Content/EditorMaterials/PhAT_NoCollisionMaterial.uexp" 197
"../../../Engine/Content/EditorMaterials/PhAT_UnselectedMaterial.uasset" 198
"../../../Engine/Content/EditorMaterials/PhAT_UnselectedMaterial.uexp" 199
"../../../Engine/Content/EditorLandscapeResources/WhiteSquareTexture.uasset" 200
"../../../Engine/Content/EditorLandscapeResources/WhiteSquareTexture.uexp" 201
"../../../Engine/Content/EditorLandscapeResources/LayerVisMaterial.uasset" 202
"../../../Engine/Content/EditorLandscapeResources/LayerVisMaterial.uexp" 203
"../../../Engine/Content/EditorMaterials/PreviewShadowIndicator.ubulk" 204
"../../../Engine/Content/EditorMaterials/PreviewShadowIndicator.uasset" 205
"../../../Engine/Content/EditorMaterials/PreviewShadowIndicator.uexp" 206
"../../../Engine/Content/EditorMaterials/PreviewShadowIndicatorMaterial.uasset" 207
"../../../Engine/Content/EditorMaterials/PreviewShadowIndicatorMaterial.uexp" 208
"../../../Engine/Content/Functions/Engine_MaterialFunctions02/Utility/MakeFloat3.uasset" 209
"../../../Engine/Content/Functions/Engine_MaterialFunctions02/Utility/MakeFloat3.uexp" 210
"../../../Engine/Content/Functions/Engine_MaterialFunctions03/Math/WithinRangeFloat2.uasset" 211
"../../../Engine/Content/Functions/Engine_MaterialFunctions03/Math/WithinRangeFloat2.uexp" 212
"../../../Engine/Content/EditorLandscapeResources/MaskBrushMaterial.uasset" 213
"../../../Engine/Content/EditorLandscapeResources/MaskBrushMaterial.uexp" 214
"../../../Engine/Content/EditorLandscapeResources/MaskBrushMaterial_MaskedRegion.uasset" 215
"../../../Engine/Content/EditorLandscapeResources/MaskBrushMaterial_MaskedRegion.uexp" 216
"../../../Engine/Content/EditorResources/BSPVertex.uasset" 217
"../../../Engine/Content/EditorResources/BSPVertex.uexp" 218
"../../../Engine/Content/EditorLandscapeResources/SelectBrushMaterial.uasset" 219
"../../../Engine/Content/EditorLandscapeResources/SelectBrushMaterial.uexp" 220
"../../../Engine/Content/EditorLandscapeResources/SelectBrushMaterial_Selected.uasset" 221
"../../../Engine/Content/EditorLandscapeResources/SelectBrushMaterial_Selected.uexp" 222
"../../../Engine/Content/EditorLandscapeResources/SelectBrushMaterial_SelectedRegion.uasset" 223
"../../../Engine/Content/EditorLandscapeResources/SelectBrushMaterial_SelectedRegion.uexp" 224
"../../../Engine/Content/EditorLandscapeResources/SplineEditorMeshMat.uasset" 225
"../../../Engine/Content/EditorLandscapeResources/SplineEditorMeshMat.uexp" 226
"../../../Engine/Content/EditorLandscapeResources/SplineEditorMesh.ubulk" 227
"../../../Engine/Content/EditorLandscapeResources/SplineEditorMesh.uasset" 228
"../../../Engine/Content/EditorLandscapeResources/SplineEditorMesh.uexp" 229
"../../../Engine/Content/EngineDebugMaterials/DebugEditorMaterial.uasset" 230
"../../../Engine/Content/EngineDebugMaterials/DebugEditorMaterial.uexp" 231
"../../../Engine/Content/EngineDebugMaterials/DebugMeshMaterial.uasset" 232
"../../../Engine/Content/EngineDebugMaterials/DebugMeshMaterial.uexp" 233
"../../../Engine/Content/EditorResources/S_Actor.ubulk" 234
"../../../Engine/Content/EditorResources/S_Actor.uasset" 235
"../../../Engine/Content/EditorResources/S_Actor.uexp" 236
"../../../Engine/Content/EditorResources/S_BoxReflectionCapture.uasset" 237
"../../../Engine/Content/EditorResources/S_BoxReflectionCapture.uexp" 238
"../../../Engine/Content/EditorMeshes/Axis_Guide.ubulk" 239
"../../../Engine/Content/EditorMeshes/Axis_Guide.uasset" 240
"../../../Engine/Content/EditorMeshes/Axis_Guide.uexp" 241
"../../../Engine/Content/EngineDebugMaterials/M_SimpleUnlitTranslucent.uasset" 242
"../../../Engine/Content/EngineDebugMaterials/M_SimpleUnlitTranslucent.uexp" 243
"../../../Engine/Content/EngineMaterials/PhAT_JointLimitMaterial.uasset" 244
"../../../Engine/Content/EngineMaterials/PhAT_JointLimitMaterial.uexp" 245
"../../../Engine/Content/Functions/Engine_MaterialFunctions02/Utility/CameraDirectionVector.uasset" 246
"../../../Engine/Content/Functions/Engine_MaterialFunctions02/Utility/CameraDirectionVector.uexp" 247
"../../../Engine/Content/EngineDebugMaterials/VolumeToRender.uasset" 248
"../../../Engine/Content/EngineDebugMaterials/VolumeToRender.uexp" 249
"../../../Engine/Content/EngineDebugMaterials/M_VolumeRenderSphereTracePP.uasset" 250
"../../../Engine/Content/EngineDebugMaterials/M_VolumeRenderSphereTracePP.uexp" 251
"../../../Engine/Content/EngineMaterials/DefaultCalibrationColor.uasset" 252
"../../../Engine/Content/EngineMaterials/DefaultCalibrationColor.uexp" 253
"../../../Engine/Content/EngineMaterials/PPM_DefaultCalibrationColor.uasset" 254
"../../../Engine/Content/EngineMaterials/PPM_DefaultCalibrationColor.uexp" 255
"../../../Engine/Content/EngineResources/DefaultTextureCube.uasset" 256
"../../../Engine/Content/EngineResources/DefaultTextureCube.uexp" 257
"../../../Engine/Content/EngineMaterials/DefaultCalibrationGrayscale.uasset" 258
"../../../Engine/Content/EngineMaterials/DefaultCalibrationGrayscale.uexp" 259
"../../../Engine/Content/EngineMaterials/PPM_DefaultCalibrationGrayscale.uasset" 260
"../../../Engine/Content/EngineMaterials/PPM_DefaultCalibrationGrayscale.uexp" 261
"../../../Engine/Content/EditorResources/S_Solver.ubulk" 262
"../../../Engine/Content/EditorResources/S_Solver.uasset" 263
"../../../Engine/Content/EditorResources/S_Solver.uexp" 264
"../../../Engine/Content/EngineMaterials/PreintegratedSkinBRDF.uasset" 265
"../../../Engine/Content/EngineMaterials/PreintegratedSkinBRDF.uexp" 266
"../../../Engine/Content/EditorResources/S_Terrain.ubulk" 267
"../../../Engine/Content/EditorResources/S_Terrain.uasset" 268
"../../../Engine/Content/EditorResources/S_Terrain.uexp" 269
"../../../Engine/Content/EngineMaterials/DefaultBloomKernel.uasset" 270
"../../../Engine/Content/EngineMaterials/DefaultBloomKernel.uexp" 271
"../../../Engine/Content/EngineResources/GradientTexture0.uasset" 272
"../../../Engine/Content/EngineResources/GradientTexture0.uexp" 273
"../../../Engine/Plugins/Animation/ControlRig/Content/Controls/ControlRig_Arrow4_1mm.ubulk" 274
"../../../Engine/Plugins/Animation/ControlRig/Content/Controls/ControlRig_Arrow4_1mm.uasset" 275
"../../../Engine/Plugins/Animation/ControlRig/Content/Controls/ControlRig_Arrow4_1mm.uexp" 276
"../../../Engine/Content/EditorResources/S_Trigger.ubulk" 277
"../../../Engine/Content/EditorResources/S_Trigger.uasset" 278
"../../../Engine/Content/EditorResources/S_Trigger.uexp" 279
"../../../Engine/Content/EditorResources/S_TriggerBox.uasset" 280
"../../../Engine/Content/EditorResources/S_TriggerBox.uexp" 281
"../../../Engine/Content/EngineMaterials/DefaultBokeh.uasset" 282
"../../../Engine/Content/EngineMaterials/DefaultBokeh.uexp" 283
"../../../Engine/Content/EditorResources/S_TriggerCapsule.uasset" 284
"../../../Engine/Content/EditorResources/S_TriggerCapsule.uexp" 285
"../../../Engine/Plugins/Animation/ControlRig/Content/Controls/ControlRig_Arrow4_3mm.ubulk" 286
"../../../Engine/Plugins/Animation/ControlRig/Content/Controls/ControlRig_Arrow4_3mm.uasset" 287
"../../../Engine/Plugins/Animation/ControlRig/Content/Controls/ControlRig_Arrow4_3mm.uexp" 288
"../../../Engine/Content/EditorResources/S_TriggerSphere.uasset" 289
"../../../Engine/Content/EditorResources/S_TriggerSphere.uexp" 290
"../../../Engine/Content/EngineResources/LandscapeVisibilityLayerInfo.uasset" 291
"../../../Engine/Content/EngineResources/LandscapeVisibilityLayerInfo.uexp" 292
"../../../Engine/Plugins/Animation/ControlRig/Content/Controls/ControlRig_Arrow4_solid.ubulk" 293
"../../../Engine/Plugins/Animation/ControlRig/Content/Controls/ControlRig_Arrow4_solid.uasset" 294
"../../../Engine/Plugins/Animation/ControlRig/Content/Controls/ControlRig_Arrow4_solid.uexp" 295
"../../../Engine/Plugins/Animation/ControlRig/Content/Controls/ControlRig_Arrow_1mm.ubulk" 296
"../../../Engine/Plugins/Animation/ControlRig/Content/Controls/ControlRig_Arrow_1mm.uasset" 297
"../../../Engine/Plugins/Animation/ControlRig/Content/Controls/ControlRig_Arrow_1mm.uexp" 298
"../../../Engine/Plugins/Animation/ControlRig/Content/Controls/ControlRig_Arrow_3mm.ubulk" 299
"../../../Engine/Plugins/Animation/ControlRig/Content/Controls/ControlRig_Arrow_3mm.uasset" 300
"../../../Engine/Plugins/Animation/ControlRig/Content/Controls/ControlRig_Arrow_3mm.uexp" 301
"../../../Engine/Content/EngineMaterials/RemoveSurfaceMaterial.uasset" 302
"../../../Engine/Content/EngineMaterials/RemoveSurfaceMaterial.uexp" 303
"../../../Engine/Content/EngineMaterials/DefaultDeferredDecalMaterial.uasset" 304
"../../../Engine/Content/EngineMaterials/DefaultDeferredDecalMaterial.uexp" 305
"../../../Engine/Plugins/Animation/ControlRig/Content/Controls/ControlRig_Arrow_solid.ubulk" 306
"../../../Engine/Plugins/Animation/ControlRig/Content/Controls/ControlRig_Arrow_solid.uasset" 307
"../../../Engine/Plugins/Animation/ControlRig/Content/Controls/ControlRig_Arrow_solid.uexp" 308
"../../../Engine/Content/EngineMaterials/SMAAAreaTex.uasset" 309
"../../../Engine/Content/EngineMaterials/SMAAAreaTex.uexp" 310
"../../../Engine/Plugins/Animation/ControlRig/Content/Controls/ControlRig_Box_1mm.ubulk" 311
"../../../Engine/Plugins/Animation/ControlRig/Content/Controls/ControlRig_Box_1mm.uasset" 312
"../../../Engine/Plugins/Animation/ControlRig/Content/Controls/ControlRig_Box_1mm.uexp" 313
"../../../Engine/Content/EngineMaterials/SMAASearchTex.uasset" 314
"../../../Engine/Content/EngineMaterials/SMAASearchTex.uexp" 315
"../../../Engine/Content/EngineDamageTypes/DmgTypeBP_Environmental.uasset" 316
"../../../Engine/Content/EngineDamageTypes/DmgTypeBP_Environmental.uexp" 317
"../../../Engine/Plugins/Animation/ControlRig/Content/Controls/ControlRig_Box_3mm.ubulk" 318
"../../../Engine/Plugins/Animation/ControlRig/Content/Controls/ControlRig_Box_3mm.uasset" 319
"../../../Engine/Plugins/Animation/ControlRig/Content/Controls/ControlRig_Box_3mm.uexp" 320
"../../../Engine/Content/EngineMaterials/DefaultLightFunctionMaterial.uasset" 321
"../../../Engine/Content/EngineMaterials/DefaultLightFunctionMaterial.uexp" 322
"../../../Engine/Plugins/Animation/ControlRig/Content/Controls/ControlRig_Box_solid.ubulk" 323
"../../../Engine/Plugins/Animation/ControlRig/Content/Controls/ControlRig_Box_solid.uasset" 324
"../../../Engine/Plugins/Animation/ControlRig/Content/Controls/ControlRig_Box_solid.uexp" 325
"../../../Engine/Content/Functions/Engine_MaterialFunctions02/Utility/BreakOutFloat3Components.uasset" 326
"../../../Engine/Content/Functions/Engine_MaterialFunctions02/Utility/BreakOutFloat3Components.uexp" 327
"../../../Engine/Content/Functions/Engine_MaterialFunctions02/Math/Transform3x3Matrix.uasset" 328
"../../../Engine/Content/Functions/Engine_MaterialFunctions02/Math/Transform3x3Matrix.uexp" 329
"../../../Engine/Content/Functions/Engine_MaterialFunctions02/SplitComponents.uasset" 330
"../../../Engine/Content/Functions/Engine_MaterialFunctions02/SplitComponents.uexp" 331
"../../../Engine/Content/VREditor/SnapGrid/SnapGridMaterial.uasset" 332
"../../../Engine/Content/VREditor/SnapGrid/SnapGridMaterial.uexp" 333
"../../../Engine/Content/VREditor/SnapGrid/SnapGridPlaneMesh.ubulk" 334
"../../../Engine/Content/VREditor/SnapGrid/SnapGridPlaneMesh.uasset" 335
"../../../Engine/Content/VREditor/SnapGrid/SnapGridPlaneMesh.uexp" 336
"../../../Engine/Content/VREditor/LaserPointer/VR_LaserPower_01.ubulk" 337
"../../../Engine/Content/VREditor/LaserPointer/VR_LaserPower_01.uasset" 338
"../../../Engine/Content/VREditor/LaserPointer/VR_LaserPower_01.uexp" 339
"../../../Engine/Content/VREditor/TransformGizmo/TransformGizmoMaterial.uasset" 340
"../../../Engine/Content/VREditor/TransformGizmo/TransformGizmoMaterial.uexp" 341
"../../../Engine/Content/VREditor/TransformGizmo/TranslucentTransformGizmoMaterial.uasset" 342
"../../../Engine/Content/VREditor/TransformGizmo/TranslucentTransformGizmoMaterial.uexp" 343
"../../../Engine/Content/VREditor/TransformGizmo/PlaneTranslationHandle.ubulk" 344
"../../../Engine/Content/VREditor/TransformGizmo/PlaneTranslationHandle.uasset" 345
"../../../Engine/Content/VREditor/TransformGizmo/PlaneTranslationHandle.uexp" 346
"../../../Engine/Content/VREditor/TransformGizmo/RotationHandleFull.ubulk" 347
"../../../Engine/Content/VREditor/TransformGizmo/RotationHandleFull.uasset" 348
"../../../Engine/Content/VREditor/TransformGizmo/RotationHandleFull.uexp" 349
"../../../Engine/Content/VREditor/TransformGizmo/RotationHandleIndicator.ubulk" 350
"../../../Engine/Content/VREditor/TransformGizmo/RotationHandleIndicator.uasset" 351
"../../../Engine/Content/VREditor/TransformGizmo/RotationHandleIndicator.uexp" 352
"../../../Engine/Content/VREditor/TransformGizmo/RotationHandleQuarter.ubulk" 353
"../../../Engine/Content/VREditor/TransformGizmo/RotationHandleQuarter.uasset" 354
"../../../Engine/Content/VREditor/TransformGizmo/RotationHandleQuarter.uexp" 355
"../../../Engine/Content/VREditor/TransformGizmo/StartRotationHandleIndicator.ubulk" 356
"../../../Engine/Content/VREditor/TransformGizmo/StartRotationHandleIndicator.uasset" 357
"../../../Engine/Content/VREditor/TransformGizmo/StartRotationHandleIndicator.uexp" 358
"../../../Engine/Content/VREditor/TransformGizmo/TranslucentTransformGizmoMaterial_Inst.uasset" 359
"../../../Engine/Content/VREditor/TransformGizmo/TranslucentTransformGizmoMaterial_Inst.uexp" 360
"../../../Engine/Content/VREditor/TransformGizmo/TransformGizmoFreeRotation.ubulk" 361
"../../../Engine/Content/VREditor/TransformGizmo/TransformGizmoFreeRotation.uasset" 362
"../../../Engine/Content/VREditor/TransformGizmo/TransformGizmoFreeRotation.uexp" 363
"../../../Engine/Content/VREditor/TransformGizmo/TransformGizmoMaterial_Inst.uasset" 364
"../../../Engine/Content/VREditor/TransformGizmo/TransformGizmoMaterial_Inst.uexp" 365
"../../../Engine/Content/VREditor/TransformGizmo/TranslateArrowHandle.ubulk" 366
"../../../Engine/Content/VREditor/TransformGizmo/TranslateArrowHandle.uasset" 367
"../../../Engine/Content/VREditor/TransformGizmo/TranslateArrowHandle.uexp" 368
"../../../Engine/Content/VREditor/TransformGizmo/UniformScaleHandle.ubulk" 369
"../../../Engine/Content/VREditor/TransformGizmo/UniformScaleHandle.uasset" 370
"../../../Engine/Content/VREditor/TransformGizmo/UniformScaleHandle.uexp" 371
"../../../Engine/Content/VREditor/Sounds/UI/Drop_Item_From_ContentBrowser.ubulk" 372
"../../../Engine/Content/VREditor/Sounds/UI/Drop_Item_From_ContentBrowser.uasset" 373
"../../../Engine/Content/VREditor/Sounds/UI/Drop_Item_From_ContentBrowser.uexp" 374
"../../../Engine/Content/VREditor/Sounds/UI/Gizmo_Handle_Clicked.ubulk" 375
"../../../Engine/Content/VREditor/Sounds/UI/Gizmo_Handle_Clicked.uasset" 376
"../../../Engine/Content/VREditor/Sounds/UI/Gizmo_Handle_Clicked.uexp" 377
"../../../Engine/Content/VREditor/Sounds/UI/Object_PickUp.ubulk" 378
"../../../Engine/Content/VREditor/Sounds/UI/Object_PickUp.uasset" 379
"../../../Engine/Content/VREditor/Sounds/UI/Object_PickUp.uexp" 380
"../../../Engine/Content/VREditor/Sounds/UI/Object_Snaps_To_Another_Actor.ubulk" 381
"../../../Engine/Content/VREditor/Sounds/UI/Object_Snaps_To_Another_Actor.uasset" 382
"../../../Engine/Content/VREditor/Sounds/UI/Object_Snaps_To_Another_Actor.uexp" 383
"../../../Engine/Content/VREditor/Sounds/UI/Object_Snaps_To_Grid.ubulk" 384
"../../../Engine/Content/VREditor/Sounds/UI/Object_Snaps_To_Grid.uasset" 385
"../../../Engine/Content/VREditor/Sounds/UI/Object_Snaps_To_Grid.uexp" 386
"../../../Engine/Content/VREditor/Sounds/UI/Scaling_Down.ubulk" 387
"../../../Engine/Content/VREditor/Sounds/UI/Scaling_Down.uasset" 388
"../../../Engine/Content/VREditor/Sounds/UI/Scaling_Down.uexp" 389
"../../../Engine/Content/VREditor/Sounds/UI/Scaling_Up.ubulk" 390
"../../../Engine/Content/VREditor/Sounds/UI/Scaling_Up.uasset" 391
"../../../Engine/Content/VREditor/Sounds/UI/Scaling_Up.uexp" 392
"../../../Engine/Content/VREditor/Sounds/UI/Selection_Changes.ubulk" 393
"../../../Engine/Content/VREditor/Sounds/UI/Selection_Changes.uasset" 394
"../../../Engine/Content/VREditor/Sounds/UI/Selection_Changes.uexp" 395
"../../../Engine/Plugins/Animation/ControlRig/Content/Controls/ControlRig_Circle_1mm.ubulk" 396
"../../../Engine/Plugins/Animation/ControlRig/Content/Controls/ControlRig_Circle_1mm.uasset" 397
"../../../Engine/Plugins/Animation/ControlRig/Content/Controls/ControlRig_Circle_1mm.uexp" 398
"../../../Engine/Plugins/Animation/ControlRig/Content/Controls/ControlRig_Circle_3mm.ubulk" 399
"../../../Engine/Plugins/Animation/ControlRig/Content/Controls/ControlRig_Circle_3mm.uasset" 400
"../../../Engine/Plugins/Animation/ControlRig/Content/Controls/ControlRig_Circle_3mm.uexp" 401
"../../../Engine/Plugins/Animation/ControlRig/Content/Controls/ControlRigGizmoMaterial.uasset" 402
"../../../Engine/Plugins/Animation/ControlRig/Content/Controls/ControlRigGizmoMaterial.uexp" 403
"../../../Engine/Plugins/Animation/ControlRig/Content/Controls/ControlRigXRayMaterial.uasset" 404
"../../../Engine/Plugins/Animation/ControlRig/Content/Controls/ControlRigXRayMaterial.uexp" 405
"../../../Engine/Content/EngineMaterials/DefaultPostProcessMaterial.uasset" 406
"../../../Engine/Content/EngineMaterials/DefaultPostProcessMaterial.uexp" 407
"../../../Engine/Plugins/Animation/ControlRig/Content/Controls/ControlRig_Arrow2_1mm.ubulk" 408
"../../../Engine/Plugins/Animation/ControlRig/Content/Controls/ControlRig_Arrow2_1mm.uasset" 409
"../../../Engine/Plugins/Animation/ControlRig/Content/Controls/ControlRig_Arrow2_1mm.uexp" 410
"../../../Engine/Plugins/Animation/ControlRig/Content/Controls/ControlRig_Circle_solid.ubulk" 411
"../../../Engine/Plugins/Animation/ControlRig/Content/Controls/ControlRig_Circle_solid.uasset" 412
"../../../Engine/Plugins/Animation/ControlRig/Content/Controls/ControlRig_Circle_solid.uexp" 413
"../../../Engine/Content/EngineFonts/RobotoDistanceField.uasset" 414
"../../../Engine/Content/EngineFonts/RobotoDistanceField.uexp" 415
"../../../Engine/Content/EngineMaterials/DefaultTextMaterialOpaque.uasset" 416
"../../../Engine/Content/EngineMaterials/DefaultTextMaterialOpaque.uexp" 417
"../../../Engine/Plugins/Animation/ControlRig/Content/Controls/ControlRig_Arrow2_3mm.ubulk" 418
"../../../Engine/Plugins/Animation/ControlRig/Content/Controls/ControlRig_Arrow2_3mm.uasset" 419
"../../../Engine/Plugins/Animation/ControlRig/Content/Controls/ControlRig_Arrow2_3mm.uexp" 420
"../../../Engine/Plugins/Animation/ControlRig/Content/Controls/ControlRig_Arrow2_solid.ubulk" 421
"../../../Engine/Plugins/Animation/ControlRig/Content/Controls/ControlRig_Arrow2_solid.uasset" 422
"../../../Engine/Plugins/Animation/ControlRig/Content/Controls/ControlRig_Arrow2_solid.uexp" 423
"../../../Engine/Plugins/Animation/ControlRig/Content/Controls/ControlRig_Diamond_1mm.ubulk" 424
"../../../Engine/Plugins/Animation/ControlRig/Content/Controls/ControlRig_Diamond_1mm.uasset" 425
"../../../Engine/Plugins/Animation/ControlRig/Content/Controls/ControlRig_Diamond_1mm.uexp" 426
"../../../Engine/Content/Functions/Engine_MaterialFunctions02/Utility/VectorLength.uasset" 427
"../../../Engine/Content/Functions/Engine_MaterialFunctions02/Utility/VectorLength.uexp" 428
"../../../Engine/Plugins/Experimental/MeshModelingToolsetExp/Content/Materials/GetDisplacementVectorForDepthBias.uasset" 429
"../../../Engine/Plugins/Experimental/MeshModelingToolsetExp/Content/Materials/GetDisplacementVectorForDepthBias.uexp" 430
"../../../Engine/Content/Functions/Engine_MaterialFunctions03/Viewport/MF_OrthoWidth.uasset" 431
"../../../Engine/Content/Functions/Engine_MaterialFunctions03/Viewport/MF_OrthoWidth.uexp" 432
"../../../Engine/Content/Functions/Engine_MaterialFunctions02/Utility/FOV.uasset" 433
"../../../Engine/Content/Functions/Engine_MaterialFunctions02/Utility/FOV.uexp" 434
"../../../Engine/Content/Functions/Engine_MaterialFunctions02/WorldPositionOffset/V2/ObjectScale.uasset" 435
"../../../Engine/Content/Functions/Engine_MaterialFunctions02/WorldPositionOffset/V2/ObjectScale.uexp" 436
"../../../Engine/Plugins/Experimental/MeshModelingToolsetExp/Content/Materials/PointSetOverlaidComponentMaterial.uasset" 437
"../../../Engine/Plugins/Experimental/MeshModelingToolsetExp/Content/Materials/PointSetOverlaidComponentMaterial.uexp" 438
"../../../Engine/Content/EngineMaterials/DefaultWhiteGrid.ubulk" 439
"../../../Engine/Content/EngineMaterials/DefaultWhiteGrid.uasset" 440
"../../../Engine/Content/EngineMaterials/DefaultWhiteGrid.uexp" 441
"../../../Engine/Plugins/Animation/ControlRig/Content/Controls/ControlRig_Diamond_3mm.ubulk" 442
"../../../Engine/Plugins/Animation/ControlRig/Content/Controls/ControlRig_Diamond_3mm.uasset" 443
"../../../Engine/Plugins/Animation/ControlRig/Content/Controls/ControlRig_Diamond_3mm.uexp" 444
"../../../Engine/Plugins/Animation/ControlRig/Content/Controls/ControlRig_Diamond_solid.ubulk" 445
"../../../Engine/Plugins/Animation/ControlRig/Content/Controls/ControlRig_Diamond_solid.uasset" 446
"../../../Engine/Plugins/Animation/ControlRig/Content/Controls/ControlRig_Diamond_solid.uexp" 447
"../../../Engine/Plugins/Animation/ControlRig/Content/Controls/ControlRig_HalfCircle_1mm.ubulk" 448
"../../../Engine/Plugins/Animation/ControlRig/Content/Controls/ControlRig_HalfCircle_1mm.uasset" 449
"../../../Engine/Plugins/Animation/ControlRig/Content/Controls/ControlRig_HalfCircle_1mm.uexp" 450
"../../../Engine/Content/EngineMaterials/DefaultWhiteGrid_Low.uasset" 451
"../../../Engine/Content/EngineMaterials/DefaultWhiteGrid_Low.uexp" 452
"../../../Engine/Content/EngineMaterials/EmissiveMeshMaterial.uasset" 453
"../../../Engine/Content/EngineMaterials/EmissiveMeshMaterial.uexp" 454
"../../../Engine/Plugins/Animation/ControlRig/Content/Controls/ControlRig_HalfCircle_3mm.ubulk" 455
"../../../Engine/Plugins/Animation/ControlRig/Content/Controls/ControlRig_HalfCircle_3mm.uasset" 456
"../../../Engine/Plugins/Animation/ControlRig/Content/Controls/ControlRig_HalfCircle_3mm.uexp" 457
"../../../Engine/Content/EngineMaterials/WeightMapPlaceholderTexture.uasset" 458
"../../../Engine/Content/EngineMaterials/WeightMapPlaceholderTexture.uexp" 459
"../../../Engine/Content/EngineMaterials/WeightMapArrayPlaceholderTexture.uasset" 460
"../../../Engine/Content/EngineMaterials/WeightMapArrayPlaceholderTexture.uexp" 461
"../../../Engine/Plugins/Animation/ControlRig/Content/Controls/ControlRig_HalfCircle_solid.ubulk" 462
"../../../Engine/Plugins/Animation/ControlRig/Content/Controls/ControlRig_HalfCircle_solid.uasset" 463
"../../../Engine/Plugins/Animation/ControlRig/Content/Controls/ControlRig_HalfCircle_solid.uexp" 464
"../../../Engine/Content/EngineMaterials/FastBlueNoise_scalar_128x128x64.uasset" 465
"../../../Engine/Content/EngineMaterials/FastBlueNoise_scalar_128x128x64.uexp" 466
"../../../Engine/Plugins/Animation/ControlRig/Content/Controls/ControlRig_Hexagon_1mm.ubulk" 467
"../../../Engine/Plugins/Animation/ControlRig/Content/Controls/ControlRig_Hexagon_1mm.uasset" 468
"../../../Engine/Plugins/Animation/ControlRig/Content/Controls/ControlRig_Hexagon_1mm.uexp" 469
"../../../Engine/Plugins/Animation/ControlRig/Content/Controls/ControlRig_Hexagon_3mm.ubulk" 470
"../../../Engine/Plugins/Animation/ControlRig/Content/Controls/ControlRig_Hexagon_3mm.uasset" 471
"../../../Engine/Plugins/Animation/ControlRig/Content/Controls/ControlRig_Hexagon_3mm.uexp" 472
"../../../Engine/Content/EngineMaterials/FastBlueNoise_scalar_128x128x8.uasset" 473
"../../../Engine/Content/EngineMaterials/FastBlueNoise_scalar_128x128x8.uexp" 474
"../../../Engine/Content/EngineResources/WhiteSquareTexture.uasset" 475
"../../../Engine/Content/EngineResources/WhiteSquareTexture.uexp" 476
"../../../Engine/Content/EngineMaterials/Widget3DPassThrough.uasset" 477
"../../../Engine/Content/EngineMaterials/Widget3DPassThrough.uexp" 478
"../../../Engine/Content/EngineMaterials/Widget3DPassThrough_Masked.uasset" 479
"../../../Engine/Content/EngineMaterials/Widget3DPassThrough_Masked.uexp" 480
"../../../Engine/Content/EngineMaterials/Widget3DPassThrough_Opaque.uasset" 481
"../../../Engine/Content/EngineMaterials/Widget3DPassThrough_Opaque.uexp" 482
"../../../Engine/Content/EngineMaterials/Widget3DPassThrough_Masked_OneSided.uasset" 483
"../../../Engine/Content/EngineMaterials/Widget3DPassThrough_Masked_OneSided.uexp" 484
"../../../Engine/Plugins/Animation/ControlRig/Content/Controls/ControlRig_Hexagon_solid.ubulk" 485
"../../../Engine/Plugins/Animation/ControlRig/Content/Controls/ControlRig_Hexagon_solid.uasset" 486
"../../../Engine/Plugins/Animation/ControlRig/Content/Controls/ControlRig_Hexagon_solid.uexp" 487
"../../../Engine/Content/EngineMaterials/FastBlueNoise_vec2_128x128x64.uasset" 488
"../../../Engine/Content/EngineMaterials/FastBlueNoise_vec2_128x128x64.uexp" 489
"../../../Engine/Content/EngineMaterials/Widget3DPassThrough_Opaque_OneSided.uasset" 490
"../../../Engine/Content/EngineMaterials/Widget3DPassThrough_Opaque_OneSided.uexp" 491
"../../../Engine/Content/EngineMaterials/BaseFlattenDiffuseMap.uasset" 492
"../../../Engine/Content/EngineMaterials/BaseFlattenDiffuseMap.uexp" 493
"../../../Engine/Content/EngineMaterials/BaseFlattenEmissiveMap.uasset" 494
"../../../Engine/Content/EngineMaterials/BaseFlattenEmissiveMap.uexp" 495
"../../../Engine/Content/EngineMaterials/BaseFlattenGrayscaleMap.uasset" 496
"../../../Engine/Content/EngineMaterials/BaseFlattenGrayscaleMap.uexp" 497
"../../../Engine/Content/EngineMaterials/BaseFlattenLinearColor.uasset" 498
"../../../Engine/Content/EngineMaterials/BaseFlattenLinearColor.uexp" 499
"../../../Engine/Content/EngineMaterials/BaseFlattenNormalMap.uasset" 500
"../../../Engine/Content/EngineMaterials/BaseFlattenNormalMap.uexp" 501
"../../../Engine/Content/Functions/Engine_MaterialFunctions02/PivotPainter2/Black_1x1_EXR_Texture.uasset" 502
"../../../Engine/Content/Functions/Engine_MaterialFunctions02/PivotPainter2/Black_1x1_EXR_Texture.uexp" 503
"../../../Engine/Content/EngineMaterials/FlattenMaterial.uasset" 504
"../../../Engine/Content/EngineMaterials/FlattenMaterial.uexp" 505
"../../../Engine/Content/EngineMaterials/Widget3DPassThrough_Translucent.uasset" 506
"../../../Engine/Content/EngineMaterials/Widget3DPassThrough_Translucent.uexp" 507
"../../../Engine/Content/EngineMaterials/Widget3DPassThrough_Translucent_OneSided.uasset" 508
"../../../Engine/Content/EngineMaterials/Widget3DPassThrough_Translucent_OneSided.uexp" 509
"../../../Engine/Content/EngineMaterials/BaseFlattenDiffuseMap_VT.ubulk" 510
"../../../Engine/Content/EngineMaterials/BaseFlattenDiffuseMap_VT.uasset" 511
"../../../Engine/Content/EngineMaterials/BaseFlattenDiffuseMap_VT.uexp" 512
"../../../Engine/Content/EngineMaterials/BaseFlattenEmissiveMap_VT.ubulk" 513
"../../../Engine/Content/EngineMaterials/BaseFlattenEmissiveMap_VT.uasset" 514
"../../../Engine/Content/EngineMaterials/BaseFlattenEmissiveMap_VT.uexp" 515
"../../../Engine/Content/EngineMaterials/BaseFlattenGrayscaleMap_VT.ubulk" 516
"../../../Engine/Content/EngineMaterials/BaseFlattenGrayscaleMap_VT.uasset" 517
"../../../Engine/Content/EngineMaterials/BaseFlattenGrayscaleMap_VT.uexp" 518
"../../../Engine/Content/EngineMaterials/BaseFlattenLinearColor_VT.ubulk" 519
"../../../Engine/Content/EngineMaterials/BaseFlattenLinearColor_VT.uasset" 520
"../../../Engine/Content/EngineMaterials/BaseFlattenLinearColor_VT.uexp" 521
"../../../Engine/Content/EngineMaterials/BaseFlattenNormalMap_VT.ubulk" 522
"../../../Engine/Content/EngineMaterials/BaseFlattenNormalMap_VT.uasset" 523
"../../../Engine/Content/EngineMaterials/BaseFlattenNormalMap_VT.uexp" 524
"../../../Engine/Content/EngineMaterials/Black_1x1_EXR_Texture_VT.ubulk" 525
"../../../Engine/Content/EngineMaterials/Black_1x1_EXR_Texture_VT.uasset" 526
"../../../Engine/Content/EngineMaterials/Black_1x1_EXR_Texture_VT.uexp" 527
"../../../Engine/Content/EngineMaterials/FlattenMaterial_VT.uasset" 528
"../../../Engine/Content/EngineMaterials/FlattenMaterial_VT.uexp" 529
"../../../Engine/Plugins/Animation/ControlRig/Content/Controls/ControlRig_Octagon_1mm.ubulk" 530
"../../../Engine/Plugins/Animation/ControlRig/Content/Controls/ControlRig_Octagon_1mm.uasset" 531
"../../../Engine/Plugins/Animation/ControlRig/Content/Controls/ControlRig_Octagon_1mm.uexp" 532
"../../../Engine/Plugins/Animation/ControlRig/Content/Controls/ControlRig_Octagon_3mm.ubulk" 533
"../../../Engine/Plugins/Animation/ControlRig/Content/Controls/ControlRig_Octagon_3mm.uasset" 534
"../../../Engine/Plugins/Animation/ControlRig/Content/Controls/ControlRig_Octagon_3mm.uexp" 535
"../../../Engine/Content/EngineMaterials/FlattenMaterial_WS_Normal_VT.uasset" 536
"../../../Engine/Content/EngineMaterials/FlattenMaterial_WS_Normal_VT.uexp" 537
"../../../Engine/Plugins/Animation/ControlRig/Content/Controls/ControlRig_Octagon_solid.ubulk" 538
"../../../Engine/Plugins/Animation/ControlRig/Content/Controls/ControlRig_Octagon_solid.uasset" 539
"../../../Engine/Plugins/Animation/ControlRig/Content/Controls/ControlRig_Octagon_solid.uexp" 540
"../../../Engine/Content/EngineMaterials/GizmoMaterial.uasset" 541
"../../../Engine/Content/EngineMaterials/GizmoMaterial.uexp" 542
"../../../Engine/Plugins/Experimental/ColorCorrectRegions/Content/Materials/M_ColorCorrectRegionTransparentPreview.uasset" 543
"../../../Engine/Plugins/Experimental/ColorCorrectRegions/Content/Materials/M_ColorCorrectRegionTransparentPreview.uexp" 544
"../../../Engine/Plugins/Animation/ControlRig/Content/Controls/ControlRig_Pyramid_1mm.ubulk" 545
"../../../Engine/Plugins/Animation/ControlRig/Content/Controls/ControlRig_Pyramid_1mm.uasset" 546
"../../../Engine/Plugins/Animation/ControlRig/Content/Controls/ControlRig_Pyramid_1mm.uexp" 547
"../../../Engine/Plugins/Animation/ControlRig/Content/Controls/ControlRig_Pyramid_3mm.ubulk" 548
"../../../Engine/Plugins/Animation/ControlRig/Content/Controls/ControlRig_Pyramid_3mm.uasset" 549
"../../../Engine/Plugins/Animation/ControlRig/Content/Controls/ControlRig_Pyramid_3mm.uexp" 550
"../../../Engine/Plugins/Interchange/Assets/Content/Functions/MX_GeneralizedSchlickBSDF.uasset" 551
"../../../Engine/Plugins/Interchange/Assets/Content/Functions/MX_GeneralizedSchlickBSDF.uexp" 552
"../../../Engine/Content/EngineMeshes/Sphere.ubulk" 553
"../../../Engine/Content/EngineMeshes/Sphere.uasset" 554
"../../../Engine/Content/EngineMeshes/Sphere.uexp" 555
"../../../Engine/Content/EngineMaterials/MiniFont.uasset" 556
"../../../Engine/Content/EngineMaterials/MiniFont.uexp" 557
"../../../Engine/Content/EngineMaterials/InvalidLightmapSettings.ubulk" 558
"../../../Engine/Content/EngineMaterials/InvalidLightmapSettings.uasset" 559
"../../../Engine/Content/EngineMaterials/InvalidLightmapSettings.uexp" 560
"../../../Engine/Content/EngineMaterials/M_InvalidLightmapSettings.uasset" 561
"../../../Engine/Content/EngineMaterials/M_InvalidLightmapSettings.uexp" 562
"../../../Engine/Content/EngineMaterials/NaniteHiddenSectionMaterial.uasset" 563
"../../../Engine/Content/EngineMaterials/NaniteHiddenSectionMaterial.uexp" 564
"../../../Engine/Plugins/Animation/ControlRig/Content/Controls/ControlRig_Pyramid_solid.ubulk" 565
"../../../Engine/Plugins/Animation/ControlRig/Content/Controls/ControlRig_Pyramid_solid.uasset" 566
"../../../Engine/Plugins/Animation/ControlRig/Content/Controls/ControlRig_Pyramid_solid.uexp" 567
"../../../Engine/Plugins/Animation/ControlRig/Content/Controls/ControlRig_QuarterCircle_1mm.ubulk" 568
"../../../Engine/Plugins/Animation/ControlRig/Content/Controls/ControlRig_QuarterCircle_1mm.uasset" 569
"../../../Engine/Plugins/Animation/ControlRig/Content/Controls/ControlRig_QuarterCircle_1mm.uexp" 570
"../../../Engine/Plugins/Animation/ControlRig/Content/Controls/ControlRig_QuarterCircle_3mm.ubulk" 571
"../../../Engine/Plugins/Animation/ControlRig/Content/Controls/ControlRig_QuarterCircle_3mm.uasset" 572
"../../../Engine/Plugins/Animation/ControlRig/Content/Controls/ControlRig_QuarterCircle_3mm.uexp" 573
"../../../Engine/Plugins/Animation/ControlRig/Content/Controls/ControlRig_QuarterCircle_solid.ubulk" 574
"../../../Engine/Plugins/Animation/ControlRig/Content/Controls/ControlRig_QuarterCircle_solid.uasset" 575
"../../../Engine/Plugins/Animation/ControlRig/Content/Controls/ControlRig_QuarterCircle_solid.uexp" 576
"../../../Engine/Plugins/Animation/ControlRig/Content/Controls/ControlRig_RoundedSquare_1mm.ubulk" 577
"../../../Engine/Plugins/Animation/ControlRig/Content/Controls/ControlRig_RoundedSquare_1mm.uasset" 578
"../../../Engine/Plugins/Animation/ControlRig/Content/Controls/ControlRig_RoundedSquare_1mm.uexp" 579
"../../../Engine/Plugins/Animation/ControlRig/Content/Controls/ControlRig_RoundedSquare_3mm.ubulk" 580
"../../../Engine/Plugins/Animation/ControlRig/Content/Controls/ControlRig_RoundedSquare_3mm.uasset" 581
"../../../Engine/Plugins/Animation/ControlRig/Content/Controls/ControlRig_RoundedSquare_3mm.uexp" 582
"../../../Engine/Plugins/Animation/ControlRig/Content/Controls/ControlRig_RoundedSquare_solid.ubulk" 583
"../../../Engine/Plugins/Animation/ControlRig/Content/Controls/ControlRig_RoundedSquare_solid.uasset" 584
"../../../Engine/Plugins/Animation/ControlRig/Content/Controls/ControlRig_RoundedSquare_solid.uexp" 585
"../../../Engine/Plugins/Animation/ControlRig/Content/Controls/ControlRig_RoundedTriangle_1mm.ubulk" 586
"../../../Engine/Plugins/Animation/ControlRig/Content/Controls/ControlRig_RoundedTriangle_1mm.uasset" 587
"../../../Engine/Plugins/Animation/ControlRig/Content/Controls/ControlRig_RoundedTriangle_1mm.uexp" 588
"../../../Engine/Plugins/Animation/ControlRig/Content/Controls/ControlRig_RoundedTriangle_3mm.ubulk" 589
"../../../Engine/Plugins/Animation/ControlRig/Content/Controls/ControlRig_RoundedTriangle_3mm.uasset" 590
"../../../Engine/Plugins/Animation/ControlRig/Content/Controls/ControlRig_RoundedTriangle_3mm.uexp" 591
"../../../Engine/Plugins/Interchange/Assets/Content/Substrate/MX_SimpleVolume.uasset" 592
"../../../Engine/Plugins/Interchange/Assets/Content/Substrate/MX_SimpleVolume.uexp" 593
"../../../Engine/Plugins/Animation/ControlRig/Content/Controls/ControlRig_RoundedTriangle_solid.ubulk" 594
"../../../Engine/Plugins/Animation/ControlRig/Content/Controls/ControlRig_RoundedTriangle_solid.uasset" 595
"../../../Engine/Plugins/Animation/ControlRig/Content/Controls/ControlRig_RoundedTriangle_solid.uexp" 596
"../../../Engine/Plugins/Animation/ControlRig/Content/Controls/ControlRig_Sphere_1mm.ubulk" 597
"../../../Engine/Plugins/Animation/ControlRig/Content/Controls/ControlRig_Sphere_1mm.uasset" 598
"../../../Engine/Plugins/Animation/ControlRig/Content/Controls/ControlRig_Sphere_1mm.uexp" 599
"../../../Engine/Plugins/Animation/ControlRig/Content/Controls/ControlRig_Sphere_3mm.ubulk" 600
"../../../Engine/Plugins/Animation/ControlRig/Content/Controls/ControlRig_Sphere_3mm.uasset" 601
"../../../Engine/Plugins/Animation/ControlRig/Content/Controls/ControlRig_Sphere_3mm.uexp" 602
"../../../Engine/Plugins/Animation/ControlRig/Content/Controls/ControlRig_Sphere_solid.ubulk" 603
"../../../Engine/Plugins/Animation/ControlRig/Content/Controls/ControlRig_Sphere_solid.uasset" 604
"../../../Engine/Plugins/Animation/ControlRig/Content/Controls/ControlRig_Sphere_solid.uexp" 605
"../../../Engine/Plugins/Animation/ControlRig/Content/Controls/ControlRig_Square_1mm.ubulk" 606
"../../../Engine/Plugins/Animation/ControlRig/Content/Controls/ControlRig_Square_1mm.uasset" 607
"../../../Engine/Plugins/Animation/ControlRig/Content/Controls/ControlRig_Square_1mm.uexp" 608
"../../../Engine/Plugins/Animation/ControlRig/Content/Controls/ControlRig_Square_3mm.ubulk" 609
"../../../Engine/Plugins/Animation/ControlRig/Content/Controls/ControlRig_Square_3mm.uasset" 610
"../../../Engine/Plugins/Animation/ControlRig/Content/Controls/ControlRig_Square_3mm.uexp" 611
"../../../Engine/Plugins/Animation/ControlRig/Content/Controls/ControlRig_Square_solid.ubulk" 612
"../../../Engine/Plugins/Animation/ControlRig/Content/Controls/ControlRig_Square_solid.uasset" 613
"../../../Engine/Plugins/Animation/ControlRig/Content/Controls/ControlRig_Square_solid.uexp" 614
"../../../Engine/Plugins/Animation/ControlRig/Content/Controls/ControlRig_Star4_1mm.ubulk" 615
"../../../Engine/Plugins/Animation/ControlRig/Content/Controls/ControlRig_Star4_1mm.uasset" 616
"../../../Engine/Plugins/Animation/ControlRig/Content/Controls/ControlRig_Star4_1mm.uexp" 617
"../../../Engine/Plugins/Animation/ControlRig/Content/Controls/ControlRig_Star4_3mm.ubulk" 618
"../../../Engine/Plugins/Animation/ControlRig/Content/Controls/ControlRig_Star4_3mm.uasset" 619
"../../../Engine/Plugins/Animation/ControlRig/Content/Controls/ControlRig_Star4_3mm.uexp" 620
"../../../Engine/Plugins/Animation/ControlRig/Content/Controls/ControlRig_Star4_solid.ubulk" 621
"../../../Engine/Plugins/Animation/ControlRig/Content/Controls/ControlRig_Star4_solid.uasset" 622
"../../../Engine/Plugins/Animation/ControlRig/Content/Controls/ControlRig_Star4_solid.uexp" 623
"../../../Engine/Content/EngineFonts/Faces/DroidSansMono.uexp" 624
"../../../Engine/Content/EngineFonts/Faces/DroidSansMono.uasset" 625
"../../../Engine/Content/EngineFonts/Faces/DroidSansMono.ufont" 626
"../../../Engine/Content/EngineFonts/DroidSansMono.uasset" 627
"../../../Engine/Content/EngineFonts/DroidSansMono.uexp" 628
"../../../Engine/Plugins/MovieScene/MovieRenderPipeline/Content/Blueprints/DefaultBurnIn.uasset" 629
"../../../Engine/Plugins/MovieScene/MovieRenderPipeline/Content/Blueprints/DefaultBurnIn.uexp" 630
"../../../Engine/Plugins/Animation/DeformerGraph/Content/DeformerFunctions/DG_Function_LinearBlendSkin_Morph_Cloth.uasset" 631
"../../../Engine/Plugins/Animation/DeformerGraph/Content/DeformerFunctions/DG_Function_LinearBlendSkin_Morph_Cloth.uexp" 632
"../../../Engine/Plugins/Animation/DeformerGraph/Content/Deformers/DG_LinearBlendSkin_Morph_Cloth.uasset" 633
"../../../Engine/Plugins/Animation/DeformerGraph/Content/Deformers/DG_LinearBlendSkin_Morph_Cloth.uexp" 634
"../../../Engine/Plugins/Animation/DeformerGraph/Content/DeformerFunctions/DG_Function_ComputeNormalsTangents.uasset" 635
"../../../Engine/Plugins/Animation/DeformerGraph/Content/DeformerFunctions/DG_Function_ComputeNormalsTangents.uexp" 636
"../../../Engine/Plugins/Animation/DeformerGraph/Content/DeformerFunctions/DG_Function_LinearBlendSkin_Morph_Cloth_PositionOnly.uasset" 637
"../../../Engine/Plugins/Animation/DeformerGraph/Content/DeformerFunctions/DG_Function_LinearBlendSkin_Morph_Cloth_PositionOnly.uexp" 638
"../../../Engine/Plugins/Animation/DeformerGraph/Content/Deformers/DG_LinearBlendSkin_Morph_Cloth_RecomputeNormals.uasset" 639
"../../../Engine/Plugins/Animation/DeformerGraph/Content/Deformers/DG_LinearBlendSkin_Morph_Cloth_RecomputeNormals.uexp" 640
"../../../Engine/Plugins/Animation/ControlRig/Content/Controls/ControlRig_Triangle_1mm.ubulk" 641
"../../../Engine/Plugins/Animation/ControlRig/Content/Controls/ControlRig_Triangle_1mm.uasset" 642
"../../../Engine/Plugins/Animation/ControlRig/Content/Controls/ControlRig_Triangle_1mm.uexp" 643
"../../../Engine/Plugins/Animation/ControlRig/Content/Controls/ControlRig_Triangle_3mm.ubulk" 644
"../../../Engine/Plugins/Animation/ControlRig/Content/Controls/ControlRig_Triangle_3mm.uasset" 645
"../../../Engine/Plugins/Animation/ControlRig/Content/Controls/ControlRig_Triangle_3mm.uexp" 646
"../../../Engine/Plugins/Animation/ControlRig/Content/Controls/ControlRig_Triangle_solid.ubulk" 647
"../../../Engine/Plugins/Animation/ControlRig/Content/Controls/ControlRig_Triangle_solid.uasset" 648
"../../../Engine/Plugins/Animation/ControlRig/Content/Controls/ControlRig_Triangle_solid.uexp" 649
"../../../Engine/Plugins/Animation/ControlRig/Content/Controls/ControlRig_Wedge_1mm.ubulk" 650
"../../../Engine/Plugins/Animation/ControlRig/Content/Controls/ControlRig_Wedge_1mm.uasset" 651
"../../../Engine/Plugins/Animation/ControlRig/Content/Controls/ControlRig_Wedge_1mm.uexp" 652
"../../../Engine/Plugins/Animation/ControlRig/Content/Controls/ControlRig_Wedge_3mm.ubulk" 653
"../../../Engine/Plugins/Animation/ControlRig/Content/Controls/ControlRig_Wedge_3mm.uasset" 654
"../../../Engine/Plugins/Animation/ControlRig/Content/Controls/ControlRig_Wedge_3mm.uexp" 655
"../../../Engine/Plugins/Animation/ControlRig/Content/Controls/ControlRig_Wedge_solid.ubulk" 656
"../../../Engine/Plugins/Animation/ControlRig/Content/Controls/ControlRig_Wedge_solid.uasset" 657
"../../../Engine/Plugins/Animation/ControlRig/Content/Controls/ControlRig_Wedge_solid.uexp" 658
"../../../Engine/Plugins/MovieScene/MovieRenderPipeline/Content/Blueprints/UI_MovieRenderPipelineInfoTableRow.uasset" 659
"../../../Engine/Plugins/MovieScene/MovieRenderPipeline/Content/Blueprints/UI_MovieRenderPipelineInfoTableRow.uexp" 660
"../../../Engine/Content/ArtTools/RenderToTexture/Textures/127grey.uasset" 661
"../../../Engine/Content/ArtTools/RenderToTexture/Textures/127grey.uexp" 662
"../../../Engine/Plugins/MovieScene/MovieRenderPipeline/Content/Blueprints/M_MoviePipelineRenderPreview.uasset" 663
"../../../Engine/Plugins/MovieScene/MovieRenderPipeline/Content/Blueprints/M_MoviePipelineRenderPreview.uexp" 664
"../../../Engine/Plugins/MovieScene/MovieRenderPipeline/Content/Blueprints/Graph/T_MovieGraph_TransparencyBG.uasset" 665
"../../../Engine/Plugins/MovieScene/MovieRenderPipeline/Content/Blueprints/Graph/T_MovieGraph_TransparencyBG.uexp" 666
"../../../Engine/Plugins/MovieScene/MovieRenderPipeline/Content/Blueprints/Graph/UI_MovieGraphImagePreview.uasset" 667
"../../../Engine/Plugins/MovieScene/MovieRenderPipeline/Content/Blueprints/Graph/UI_MovieGraphImagePreview.uexp" 668
"../../../Engine/Plugins/MovieScene/MovieRenderPipeline/Content/Blueprints/UI_MovieGraphPipelineScreenOverlay.uasset" 669
"../../../Engine/Plugins/MovieScene/MovieRenderPipeline/Content/Blueprints/UI_MovieGraphPipelineScreenOverlay.uexp" 670
"../../../Engine/Plugins/Interchange/Assets/Content/Functions/MX_MeasuredEDF.uasset" 671
"../../../Engine/Plugins/Interchange/Assets/Content/Functions/MX_MeasuredEDF.uexp" 672
"../../../Engine/Plugins/Interchange/Assets/Content/Functions/MF_IridescenceNoLUT.uasset" 673
"../../../Engine/Plugins/Interchange/Assets/Content/Functions/MF_IridescenceNoLUT.uexp" 674
"../../../Engine/Plugins/Interchange/Assets/Content/Functions/MX_StandardSurface.uasset" 675
"../../../Engine/Plugins/Interchange/Assets/Content/Functions/MX_StandardSurface.uexp" 676
"../../../Engine/Plugins/Interchange/Assets/Content/Functions/MX_OpenPBR_Opaque.uasset" 677
"../../../Engine/Plugins/Interchange/Assets/Content/Functions/MX_OpenPBR_Opaque.uexp" 678
"../../../Engine/Plugins/Interchange/Assets/Content/Functions/MX_TransmissionSurface.uasset" 679
"../../../Engine/Plugins/Interchange/Assets/Content/Functions/MX_TransmissionSurface.uexp" 680
"../../../Engine/Plugins/Interchange/Assets/Content/Functions/MX_OpenPBR_Translucent.uasset" 681
"../../../Engine/Plugins/Interchange/Assets/Content/Functions/MX_OpenPBR_Translucent.uexp" 682
"../../../Engine/Plugins/Interchange/Assets/Content/Functions/MX_OrenNayarBSDF.uasset" 683
"../../../Engine/Plugins/Interchange/Assets/Content/Functions/MX_OrenNayarBSDF.uexp" 684
"../../../Engine/Plugins/MovieScene/MovieRenderPipeline/Content/Blueprints/UI_MovieRenderPipelineScreenOverlay.uasset" 685
"../../../Engine/Plugins/MovieScene/MovieRenderPipeline/Content/Blueprints/UI_MovieRenderPipelineScreenOverlay.uexp" 686
"../../../Engine/Plugins/MovieScene/MovieRenderPipeline/Content/Materials/MoviePipeline_StencilCutout.uasset" 687
"../../../Engine/Plugins/MovieScene/MovieRenderPipeline/Content/Materials/MoviePipeline_StencilCutout.uexp" 688
"../../../Engine/Plugins/MovieScene/MovieRenderPipeline/Content/Materials/MovieRenderQueue_MotionVectors.uasset" 689
"../../../Engine/Plugins/MovieScene/MovieRenderPipeline/Content/Materials/MovieRenderQueue_MotionVectors.uexp" 690
"../../../Engine/Content/Functions/Engine_MaterialFunctions02/Utility/BreakOutFloat4Components.uasset" 691
"../../../Engine/Content/Functions/Engine_MaterialFunctions02/Utility/BreakOutFloat4Components.uexp" 692
"../../../Engine/Content/Functions/Engine_MaterialFunctions02/Utility/MakeFloat4.uasset" 693
"../../../Engine/Content/Functions/Engine_MaterialFunctions02/Utility/MakeFloat4.uexp" 694
"../../../Engine/Plugins/MovieScene/MovieRenderPipeline/Content/Materials/MovieRenderQueue_WorldDepth.uasset" 695
"../../../Engine/Plugins/MovieScene/MovieRenderPipeline/Content/Materials/MovieRenderQueue_WorldDepth.uexp" 696
"../../../Engine/Content/ArtTools/RenderToTexture/Textures/T_EV_BlankWhite_01.uasset" 697
"../../../Engine/Content/ArtTools/RenderToTexture/Textures/T_EV_BlankWhite_01.uexp" 698
"../../../Engine/Plugins/Runtime/nDisplay/Content/LightCard/M_LightCard.uasset" 699
"../../../Engine/Plugins/Runtime/nDisplay/Content/LightCard/M_LightCard.uexp" 700
"../../../Engine/Plugins/Runtime/nDisplay/Content/LightCard/SM_LightCardPlane.ubulk" 701
"../../../Engine/Plugins/Runtime/nDisplay/Content/LightCard/SM_LightCardPlane.uasset" 702
"../../../Engine/Plugins/Runtime/nDisplay/Content/LightCard/SM_LightCardPlane.uexp" 703
"../../../Engine/Content/Functions/Engine_MaterialFunctions02/Utility/MakeFloat2.uasset" 704
"../../../Engine/Content/Functions/Engine_MaterialFunctions02/Utility/MakeFloat2.uexp" 705
"../../../Engine/Plugins/Runtime/nDisplay/Content/LightCard/T_UVIndicator.uasset" 706
"../../../Engine/Plugins/Runtime/nDisplay/Content/LightCard/T_UVIndicator.uexp" 707
"../../../Engine/Plugins/Runtime/nDisplay/Content/LightCard/M_UVIndicator.uasset" 708
"../../../Engine/Plugins/Runtime/nDisplay/Content/LightCard/M_UVIndicator.uexp" 709
"../../../Engine/Plugins/Runtime/nDisplay/Content/LightCard/SM_UVIndicator.ubulk" 710
"../../../Engine/Plugins/Runtime/nDisplay/Content/LightCard/SM_UVIndicator.uasset" 711
"../../../Engine/Plugins/Runtime/nDisplay/Content/LightCard/SM_UVIndicator.uexp" 712
"../../../Engine/Plugins/Interchange/Assets/Content/Functions/MX_SheenBSDF.uasset" 713
"../../../Engine/Plugins/Interchange/Assets/Content/Functions/MX_SheenBSDF.uexp" 714
"../../../Engine/Plugins/Interchange/Assets/Content/Functions/MX_SubsurfaceBSDF.uasset" 715
"../../../Engine/Plugins/Interchange/Assets/Content/Functions/MX_SubsurfaceBSDF.uexp" 716
"../../../Engine/Plugins/Interchange/Assets/Content/Functions/MX_Surface.uasset" 717
"../../../Engine/Plugins/Interchange/Assets/Content/Functions/MX_Surface.uexp" 718
"../../../Engine/Plugins/Interchange/Assets/Content/Functions/MX_SurfaceUnlit.uasset" 719
"../../../Engine/Plugins/Interchange/Assets/Content/Functions/MX_SurfaceUnlit.uexp" 720
"../../../Engine/Plugins/Runtime/nDisplay/Content/Meshes/plane_hd_1x1.ubulk" 721
"../../../Engine/Plugins/Runtime/nDisplay/Content/Meshes/plane_hd_1x1.uasset" 722
"../../../Engine/Plugins/Runtime/nDisplay/Content/Meshes/plane_hd_1x1.uexp" 723
"../../../Engine/Plugins/Interchange/Assets/Content/Functions/MX_TranslucentBSDF.uasset" 724
"../../../Engine/Plugins/Interchange/Assets/Content/Functions/MX_TranslucentBSDF.uexp" 725
"../../../Engine/Plugins/Interchange/Assets/Content/Functions/MX_UniformEDF.uasset" 726
"../../../Engine/Plugins/Interchange/Assets/Content/Functions/MX_UniformEDF.uexp" 727
"../../../Engine/Plugins/Interchange/Assets/Content/Functions/MX_UsdPreviewSurface.uasset" 728
"../../../Engine/Plugins/Interchange/Assets/Content/Functions/MX_UsdPreviewSurface.uexp" 729
"../../../Engine/Plugins/Runtime/nDisplay/Content/Materials/Editor/M_NormalMapMesh.uasset" 730
"../../../Engine/Plugins/Runtime/nDisplay/Content/Materials/Editor/M_NormalMapMesh.uexp" 731
"../../../Engine/Plugins/Runtime/nDisplay/Content/Meshes/SM_IcoSphere.ubulk" 732
"../../../Engine/Plugins/Runtime/nDisplay/Content/Meshes/SM_IcoSphere.uasset" 733
"../../../Engine/Plugins/Runtime/nDisplay/Content/Meshes/SM_IcoSphere.uexp" 734
"../../../Engine/Content/EditorMaterials/ParticleSystems/PSysThumbnail_NoImage.ubulk" 735
"../../../Engine/Content/EditorMaterials/ParticleSystems/PSysThumbnail_NoImage.uasset" 736
"../../../Engine/Content/EditorMaterials/ParticleSystems/PSysThumbnail_NoImage.uexp" 737
"../../../Engine/Content/EditorMaterials/ParticleSystems/PSysThumbnail_OOD.ubulk" 738
"../../../Engine/Content/EditorMaterials/ParticleSystems/PSysThumbnail_OOD.uasset" 739
"../../../Engine/Content/EditorMaterials/ParticleSystems/PSysThumbnail_OOD.uexp" 740
"../../../Engine/Plugins/Runtime/nDisplay/Content/Textures/T_TrackingMarker_A.uasset" 741
"../../../Engine/Plugins/Runtime/nDisplay/Content/Textures/T_TrackingMarker_A.uexp" 742
"../../../Engine/Content/Functions/Engine_MaterialFunctions02/WorldPositionOffset/ObjectScale.uasset" 743
"../../../Engine/Content/Functions/Engine_MaterialFunctions02/WorldPositionOffset/ObjectScale.uexp" 744
"../../../Engine/Plugins/Editor/SpeedTreeImporter/Content/SpeedTree9/Empty.uasset" 745
"../../../Engine/Plugins/Editor/SpeedTreeImporter/Content/SpeedTree9/Empty.uexp" 746
"../../../Engine/Plugins/Editor/SpeedTreeImporter/Content/SpeedTree9/EmptyNormal.uasset" 747
"../../../Engine/Plugins/Editor/SpeedTreeImporter/Content/SpeedTree9/EmptyNormal.uexp" 748
"../../../Engine/Plugins/Editor/SpeedTreeImporter/Content/SpeedTree9/game_wind_noise.ubulk" 749
"../../../Engine/Plugins/Editor/SpeedTreeImporter/Content/SpeedTree9/game_wind_noise.uasset" 750
"../../../Engine/Plugins/Editor/SpeedTreeImporter/Content/SpeedTree9/game_wind_noise.uexp" 751
"../../../Engine/Plugins/Editor/SpeedTreeImporter/Content/SpeedTree9/SpeedTreeBillboard.uasset" 752
"../../../Engine/Plugins/Editor/SpeedTreeImporter/Content/SpeedTree9/SpeedTreeBillboard.uexp" 753
"../../../Engine/Content/Functions/Engine_MaterialFunctions02/SafeNormalize.uasset" 754
"../../../Engine/Content/Functions/Engine_MaterialFunctions02/SafeNormalize.uexp" 755
"../../../Engine/Plugins/Editor/SpeedTreeImporter/Content/SpeedTree9/SpeedTreeWindMotion.uasset" 756
"../../../Engine/Plugins/Editor/SpeedTreeImporter/Content/SpeedTree9/SpeedTreeWindMotion.uexp" 757
"../../../Engine/Plugins/Editor/SpeedTreeImporter/Content/SpeedTree9/UnpackDirection.uasset" 758
"../../../Engine/Plugins/Editor/SpeedTreeImporter/Content/SpeedTree9/UnpackDirection.uexp" 759
"../../../Engine/Plugins/Editor/SpeedTreeImporter/Content/SpeedTree9/UnpackInteger3.uasset" 760
"../../../Engine/Plugins/Editor/SpeedTreeImporter/Content/SpeedTree9/UnpackInteger3.uexp" 761
"../../../Engine/Plugins/Editor/SpeedTreeImporter/Content/SpeedTree9/SpeedTreeBranchMotion.uasset" 762
"../../../Engine/Plugins/Editor/SpeedTreeImporter/Content/SpeedTree9/SpeedTreeBranchMotion.uexp" 763
"../../../Engine/Content/Functions/Engine_MaterialFunctions02/ObjectLocalBounds.uasset" 764
"../../../Engine/Content/Functions/Engine_MaterialFunctions02/ObjectLocalBounds.uexp" 765
"../../../Engine/Content/Functions/Engine_MaterialFunctions02/UVs/BoundingBoxBased_0-1_UVW.uasset" 766
"../../../Engine/Content/Functions/Engine_MaterialFunctions02/UVs/BoundingBoxBased_0-1_UVW.uexp" 767
"../../../Engine/Plugins/Editor/SpeedTreeImporter/Content/SpeedTree9/SpeedTreeWind.uasset" 768
"../../../Engine/Plugins/Editor/SpeedTreeImporter/Content/SpeedTree9/SpeedTreeWind.uexp" 769
"../../../Engine/Plugins/Editor/SpeedTreeImporter/Content/SpeedTree9/SpeedTreeBillboardMaster.uasset" 770
"../../../Engine/Plugins/Editor/SpeedTreeImporter/Content/SpeedTree9/SpeedTreeBillboardMaster.uexp" 771
"../../../Engine/Content/EditorMaterials/Camera/CineMat.uasset" 772
"../../../Engine/Content/EditorMaterials/Camera/CineMat.uexp" 773
"../../../Engine/Content/EditorMaterials/Camera/MI_CineMat_Rig.uasset" 774
"../../../Engine/Content/EditorMaterials/Camera/MI_CineMat_Rig.uexp" 775
"../../../Engine/Content/EditorMeshes/Camera/SM_CraneRig_Arm.ubulk" 776
"../../../Engine/Content/EditorMeshes/Camera/SM_CraneRig_Arm.uasset" 777
"../../../Engine/Content/EditorMeshes/Camera/SM_CraneRig_Arm.uexp" 778
"../../../Engine/Content/EditorMeshes/Camera/SM_CraneRig_Base.ubulk" 779
"../../../Engine/Content/EditorMeshes/Camera/SM_CraneRig_Base.uasset" 780
"../../../Engine/Content/EditorMeshes/Camera/SM_CraneRig_Base.uexp" 781
"../../../Engine/Plugins/Editor/SpeedTreeImporter/Content/SpeedTree9/SpeedTreeCameraFacing.uasset" 782
"../../../Engine/Plugins/Editor/SpeedTreeImporter/Content/SpeedTree9/SpeedTreeCameraFacing.uexp" 783
"../../../Engine/Plugins/Editor/SpeedTreeImporter/Content/SpeedTree9/SpeedTreeMaster.uasset" 784
"../../../Engine/Plugins/Editor/SpeedTreeImporter/Content/SpeedTree9/SpeedTreeMaster.uexp" 785
"../../../Engine/Plugins/Runtime/AudioWidgets/Content/Resources/ScrubHandleDown_Clamped.uasset" 786
"../../../Engine/Plugins/Runtime/AudioWidgets/Content/Resources/ScrubHandleDown_Clamped.uexp" 787
"../../../Engine/Content/EditorMeshes/Camera/SM_CraneRig_Body.ubulk" 788
"../../../Engine/Content/EditorMeshes/Camera/SM_CraneRig_Body.uasset" 789
"../../../Engine/Content/EditorMeshes/Camera/SM_CraneRig_Body.uexp" 790
"../../../Engine/Content/EditorMeshes/Camera/SM_CraneRig_Mount.ubulk" 791
"../../../Engine/Content/EditorMeshes/Camera/SM_CraneRig_Mount.uasset" 792
"../../../Engine/Content/EditorMeshes/Camera/SM_CraneRig_Mount.uexp" 793
"../../../Engine/Content/EditorMeshes/Camera/SM_RailRig_Mount.ubulk" 794
"../../../Engine/Content/EditorMeshes/Camera/SM_RailRig_Mount.uasset" 795
"../../../Engine/Content/EditorMeshes/Camera/SM_RailRig_Mount.uexp" 796
"../../../Engine/Content/EditorMeshes/Camera/SM_RailRig_Track.ubulk" 797
"../../../Engine/Content/EditorMeshes/Camera/SM_RailRig_Track.uasset" 798
"../../../Engine/Content/EditorMeshes/Camera/SM_RailRig_Track.uexp" 799
"../../../Engine/Plugins/Interchange/Assets/Content/Functions/MX_AbsorptionVDF.uasset" 800
"../../../Engine/Plugins/Interchange/Assets/Content/Functions/MX_AbsorptionVDF.uexp" 801
"../../../Engine/Plugins/Runtime/HairStrands/Content/Materials/HairCardsDefaultMaterial.uasset" 802
"../../../Engine/Plugins/Runtime/HairStrands/Content/Materials/HairCardsDefaultMaterial.uexp" 803
"../../../Engine/Plugins/Interchange/Assets/Content/Functions/MX_AnisotropicVDF.uasset" 804
"../../../Engine/Plugins/Interchange/Assets/Content/Functions/MX_AnisotropicVDF.uexp" 805
"../../../Engine/Plugins/Interchange/Assets/Content/Functions/MX_BurleyDiffuseBSDF.uasset" 806
"../../../Engine/Plugins/Interchange/Assets/Content/Functions/MX_BurleyDiffuseBSDF.uexp" 807
"../../../Engine/Content/EngineMaterials/HairColorMap.uasset" 808
"../../../Engine/Content/EngineMaterials/HairColorMap.uexp" 809
"../../../Engine/Content/EngineMaterials/HairDebugColor.uasset" 810
"../../../Engine/Content/EngineMaterials/HairDebugColor.uexp" 811
"../../../Engine/Plugins/Runtime/HairStrands/Content/Materials/HairGroupColors.uasset" 812
"../../../Engine/Plugins/Runtime/HairStrands/Content/Materials/HairGroupColors.uexp" 813
"../../../Engine/Plugins/Runtime/HairStrands/Content/Materials/HairDebugMaterial.uasset" 814
"../../../Engine/Plugins/Runtime/HairStrands/Content/Materials/HairDebugMaterial.uexp" 815
"../../../Engine/Plugins/Interchange/Assets/Content/Functions/MX_ChiangHairBSDF.uasset" 816
"../../../Engine/Plugins/Interchange/Assets/Content/Functions/MX_ChiangHairBSDF.uexp" 817
"../../../Engine/Plugins/Runtime/HairStrands/Content/Materials/HairDefaultMaterial.uasset" 818
"../../../Engine/Plugins/Runtime/HairStrands/Content/Materials/HairDefaultMaterial.uexp" 819
"../../../Engine/Plugins/Runtime/HairStrands/Content/Materials/HairMeshesDefaultMaterial.uasset" 820
"../../../Engine/Plugins/Runtime/HairStrands/Content/Materials/HairMeshesDefaultMaterial.uexp" 821
"../../../Engine/Plugins/Interchange/Assets/Content/Functions/MX_ConductorBSDF.uasset" 822
"../../../Engine/Plugins/Interchange/Assets/Content/Functions/MX_ConductorBSDF.uexp" 823
"../../../Engine/Plugins/Interchange/Assets/Content/Functions/MX_ConicalEDF.uasset" 824
"../../../Engine/Plugins/Interchange/Assets/Content/Functions/MX_ConicalEDF.uexp" 825
"../../../Engine/Plugins/Interchange/Assets/Content/Functions/MX_DielectricBSDF.uasset" 826
"../../../Engine/Plugins/Interchange/Assets/Content/Functions/MX_DielectricBSDF.uexp" 827
"../../../Engine/Content/EditorResources/SequenceRecorder/Countdown.uasset" 828
"../../../Engine/Content/EditorResources/SequenceRecorder/Countdown.uexp" 829
"../../../Engine/Plugins/Interchange/Assets/Content/Functions/MX_Displacement.uasset" 830
"../../../Engine/Plugins/Interchange/Assets/Content/Functions/MX_Displacement.uexp" 831
"../../../Engine/Content/EditorResources/SequenceRecorder/RecordingIndicator.uasset" 832
"../../../Engine/Content/EditorResources/SequenceRecorder/RecordingIndicator.uexp" 833
"../../../Engine/Plugins/VirtualProduction/CameraCalibrationCore/Content/Materials/M_AnamorphicDistortionDisplacementMap.uasset" 834
"../../../Engine/Plugins/VirtualProduction/CameraCalibrationCore/Content/Materials/M_AnamorphicDistortionDisplacementMap.uexp" 835
"../../../Engine/Plugins/VirtualProduction/CameraCalibrationCore/Content/Materials/M_AnamorphicUndistortionDisplacementMap.uasset" 836
"../../../Engine/Plugins/VirtualProduction/CameraCalibrationCore/Content/Materials/M_AnamorphicUndistortionDisplacementMap.uexp" 837
"../../../Engine/Plugins/VirtualProduction/CameraCalibrationCore/Content/Materials/M_BrownConradyDUDistortionDisplacementMap.uasset" 838
"../../../Engine/Plugins/VirtualProduction/CameraCalibrationCore/Content/Materials/M_BrownConradyDUDistortionDisplacementMap.uexp" 839
"../../../Engine/Plugins/VirtualProduction/CameraCalibrationCore/Content/Materials/M_BrownConradyDUUndistortionDisplacementMap.uasset" 840
"../../../Engine/Plugins/VirtualProduction/CameraCalibrationCore/Content/Materials/M_BrownConradyDUUndistortionDisplacementMap.uexp" 841
"../../../Engine/Plugins/VirtualProduction/CameraCalibrationCore/Content/Materials/M_BrownConradyUDDistortionDisplacementMap.uasset" 842
"../../../Engine/Plugins/VirtualProduction/CameraCalibrationCore/Content/Materials/M_BrownConradyUDDistortionDisplacementMap.uexp" 843
"../../../Engine/Plugins/Runtime/nDisplay/Content/Icons/S_nDisplayViewOrigin.uasset" 844
"../../../Engine/Plugins/Runtime/nDisplay/Content/Icons/S_nDisplayViewOrigin.uexp" 845
"../../../Engine/Content/EngineMaterials/EnergyConservation/Diffuse_Energy.uasset" 846
"../../../Engine/Content/EngineMaterials/EnergyConservation/Diffuse_Energy.uexp" 847
"../../../Engine/Plugins/VirtualProduction/CameraCalibrationCore/Content/Materials/M_BrownConradyUDUndistortionDisplacementMap.uasset" 848
"../../../Engine/Plugins/VirtualProduction/CameraCalibrationCore/Content/Materials/M_BrownConradyUDUndistortionDisplacementMap.uexp" 849
"../../../Engine/Plugins/VirtualProduction/CameraCalibrationCore/Content/Materials/M_DefaultEvenSquare.uasset" 850
"../../../Engine/Plugins/VirtualProduction/CameraCalibrationCore/Content/Materials/M_DefaultEvenSquare.uexp" 851
"../../../Engine/Content/EngineMaterials/EnergyConservation/GGX_ReflectionEnergy.uasset" 852
"../../../Engine/Content/EngineMaterials/EnergyConservation/GGX_ReflectionEnergy.uexp" 853
"../../../Engine/Plugins/VirtualProduction/CameraCalibrationCore/Content/Materials/M_DefaultOddSquare.uasset" 854
"../../../Engine/Plugins/VirtualProduction/CameraCalibrationCore/Content/Materials/M_DefaultOddSquare.uexp" 855
"../../../Engine/Content/EngineResources/DefaultTexture.ubulk" 856
"../../../Engine/Content/EngineResources/DefaultTexture.uasset" 857
"../../../Engine/Content/EngineResources/DefaultTexture.uexp" 858
"../../../Engine/Plugins/VirtualProduction/CameraCalibrationCore/Content/Materials/M_DistortionPostProcess.uasset" 859
"../../../Engine/Plugins/VirtualProduction/CameraCalibrationCore/Content/Materials/M_DistortionPostProcess.uexp" 860
"../../../Engine/Content/EngineMaterials/EnergyConservation/GGX_TransmissionEnergyArray.uasset" 861
"../../../Engine/Content/EngineMaterials/EnergyConservation/GGX_TransmissionEnergyArray.uexp" 862
"../../../Engine/Plugins/VirtualProduction/CameraCalibrationCore/Content/Materials/M_SphericalDistortionDisplacementMap.uasset" 863
"../../../Engine/Plugins/VirtualProduction/CameraCalibrationCore/Content/Materials/M_SphericalDistortionDisplacementMap.uexp" 864
"../../../Engine/Plugins/VirtualProduction/CameraCalibrationCore/Content/Materials/M_SphericalUndistortionDisplacementMap.uasset" 865
"../../../Engine/Plugins/VirtualProduction/CameraCalibrationCore/Content/Materials/M_SphericalUndistortionDisplacementMap.uexp" 866
"../../../Engine/Content/EngineMaterials/EnergyConservation/SheenLegacy_Energy.uasset" 867
"../../../Engine/Content/EngineMaterials/EnergyConservation/SheenLegacy_Energy.uexp" 868
"../../../Engine/Plugins/VirtualProduction/CameraCalibrationCore/Content/Materials/M_VertexColors.uasset" 869
"../../../Engine/Plugins/VirtualProduction/CameraCalibrationCore/Content/Materials/M_VertexColors.uexp" 870
"../../../Engine/Content/EngineMaterials/EnergyConservation/Sheen_Energy.uasset" 871
"../../../Engine/Content/EngineMaterials/EnergyConservation/Sheen_Energy.uexp" 872
"../../../Engine/Content/EditorMaterials/Dataflow/DataflowTwoSidedVertexMaterial.uasset" 873
"../../../Engine/Content/EditorMaterials/Dataflow/DataflowTwoSidedVertexMaterial.uexp" 874
"../../../Engine/Content/EngineMaterials/LTC/GGX_LTCAmp.uasset" 875
"../../../Engine/Content/EngineMaterials/LTC/GGX_LTCAmp.uexp" 876
"../../../Engine/Content/EngineMaterials/LTC/GGX_LTCMat.uasset" 877
"../../../Engine/Content/EngineMaterials/LTC/GGX_LTCMat.uexp" 878
"../../../Engine/Content/VREditor/TransformGizmo/BoundingBoxCorner.ubulk" 879
"../../../Engine/Content/VREditor/TransformGizmo/BoundingBoxCorner.uasset" 880
"../../../Engine/Content/VREditor/TransformGizmo/BoundingBoxCorner.uexp" 881
"../../../Engine/Content/EditorMaterials/Dataflow/DataflowVertexMaterial.uasset" 882
"../../../Engine/Content/EditorMaterials/Dataflow/DataflowVertexMaterial.uexp" 883
"../../../Engine/Content/VREditor/TransformGizmo/BoundingBoxEdge.ubulk" 884
"../../../Engine/Content/VREditor/TransformGizmo/BoundingBoxEdge.uasset" 885
"../../../Engine/Content/VREditor/TransformGizmo/BoundingBoxEdge.uexp" 886
"../../../Engine/Content/EngineMaterials/LTC/Sheen_LTC.uasset" 887
"../../../Engine/Content/EngineMaterials/LTC/Sheen_LTC.uexp" 888
"../../../Engine/Content/EngineResources/Development/ZenLogo_64.uasset" 889
"../../../Engine/Content/EngineResources/Development/ZenLogo_64.uexp" 890
"../../../Engine/Content/EngineResources/FilmGrains/Marcie_Grain_v3_128_M2_000.uasset" 891
"../../../Engine/Content/EngineResources/FilmGrains/Marcie_Grain_v3_128_M2_000.uexp" 892
"../../../Engine/Plugins/Interchange/Assets/Content/Utilities/New_LUT.uasset" 893
"../../../Engine/Plugins/Interchange/Assets/Content/Utilities/New_LUT.uexp" 894
"../../../Engine/Content/Functions/Engine_MaterialFunctions03/Math/RemapValueRange.uasset" 895
"../../../Engine/Content/Functions/Engine_MaterialFunctions03/Math/RemapValueRange.uexp" 896
"../../../Engine/Plugins/Interchange/Assets/Content/Functions/MF_Iridescence.uasset" 897
"../../../Engine/Plugins/Interchange/Assets/Content/Functions/MF_Iridescence.uexp" 898
"../../../Engine/Plugins/Interchange/Assets/Content/gltf/Textures/T_White_srgb.uasset" 899
"../../../Engine/Plugins/Interchange/Assets/Content/gltf/Textures/T_White_srgb.uexp" 900
"../../../Engine/Plugins/Interchange/Assets/Content/gltf/MaterialFunctions/MF_BaseColor.uasset" 901
"../../../Engine/Plugins/Interchange/Assets/Content/gltf/MaterialFunctions/MF_BaseColor.uexp" 902
"../../../Engine/Plugins/Interchange/Assets/Content/gltf/MaterialFunctions/MF_Emissive.uasset" 903
"../../../Engine/Plugins/Interchange/Assets/Content/gltf/MaterialFunctions/MF_Emissive.uexp" 904
"../../../Engine/Plugins/Interchange/Assets/Content/gltf/MaterialFunctions/MF_IOR.uasset" 905
"../../../Engine/Plugins/Interchange/Assets/Content/gltf/MaterialFunctions/MF_IOR.uexp" 906
"../../../Engine/Plugins/Interchange/Assets/Content/gltf/MaterialFunctions/MF_Iridescence.uasset" 907
"../../../Engine/Plugins/Interchange/Assets/Content/gltf/MaterialFunctions/MF_Iridescence.uexp" 908
"../../../Engine/Plugins/Interchange/Assets/Content/gltf/Textures/T_White_Linear.uasset" 909
"../../../Engine/Plugins/Interchange/Assets/Content/gltf/Textures/T_White_Linear.uexp" 910
"../../../Engine/Plugins/Interchange/Assets/Content/gltf/MaterialFunctions/MF_MetallicRoughness.uasset" 911
"../../../Engine/Plugins/Interchange/Assets/Content/gltf/MaterialFunctions/MF_MetallicRoughness.uexp" 912
"../../../Engine/Plugins/Interchange/Assets/Content/gltf/MaterialFunctions/MF_RotateNormals_TS.uasset" 913
"../../../Engine/Plugins/Interchange/Assets/Content/gltf/MaterialFunctions/MF_RotateNormals_TS.uexp" 914
"../../../Engine/Plugins/Interchange/Assets/Content/gltf/MaterialFunctions/MF_ScaleNormal.uasset" 915
"../../../Engine/Plugins/Interchange/Assets/Content/gltf/MaterialFunctions/MF_ScaleNormal.uexp" 916
"../../../Engine/Plugins/Interchange/Assets/Content/gltf/Textures/T_Generic_N.uasset" 917
"../../../Engine/Plugins/Interchange/Assets/Content/gltf/Textures/T_Generic_N.uexp" 918
"../../../Engine/Plugins/Interchange/Assets/Content/gltf/MaterialFunctions/MF_Normals.uasset" 919
"../../../Engine/Plugins/Interchange/Assets/Content/gltf/MaterialFunctions/MF_Normals.uexp" 920
"../../../Engine/Plugins/Interchange/Assets/Content/gltf/MaterialFunctions/MF_Occlusion.uasset" 921
"../../../Engine/Plugins/Interchange/Assets/Content/gltf/MaterialFunctions/MF_Occlusion.uexp" 922
"../../../Engine/Plugins/Interchange/Assets/Content/gltf/MaterialFunctions/MF_RotateV2.uasset" 923
"../../../Engine/Plugins/Interchange/Assets/Content/gltf/MaterialFunctions/MF_RotateV2.uexp" 924
"../../../Engine/Plugins/Interchange/Assets/Content/gltf/MaterialFunctions/MF_Specular.uasset" 925
"../../../Engine/Plugins/Interchange/Assets/Content/gltf/MaterialFunctions/MF_Specular.uexp" 926
"../../../Engine/Plugins/Interchange/Assets/Content/gltf/Textures/T_Anisotropy_Direction_Linear.uasset" 927
"../../../Engine/Plugins/Interchange/Assets/Content/gltf/Textures/T_Anisotropy_Direction_Linear.uexp" 928
"../../../Engine/Plugins/Interchange/Assets/Content/gltf/MaterialFunctions/MF_SpecularAnisotropy.uasset" 929
"../../../Engine/Plugins/Interchange/Assets/Content/gltf/MaterialFunctions/MF_SpecularAnisotropy.uexp" 930
"../../../Engine/Plugins/Interchange/Assets/Content/gltf/MaterialFunctions/MF_TransformUVs.uasset" 931
"../../../Engine/Plugins/Interchange/Assets/Content/gltf/MaterialFunctions/MF_TransformUVs.uexp" 932
"../../../Engine/Plugins/Interchange/Assets/Content/gltf/MaterialFunctions/MF_Sheen.uasset" 933
"../../../Engine/Plugins/Interchange/Assets/Content/gltf/MaterialFunctions/MF_Sheen.uexp" 934
"../../../Engine/Plugins/Interchange/Assets/Content/gltf/MaterialBodies/MF_Sheen_Body.uasset" 935
"../../../Engine/Plugins/Interchange/Assets/Content/gltf/MaterialBodies/MF_Sheen_Body.uexp" 936
"../../../Engine/Plugins/Interchange/Assets/Content/gltf/M_Sheen.uasset" 937
"../../../Engine/Plugins/Interchange/Assets/Content/gltf/M_Sheen.uexp" 938
"../../../Engine/Plugins/Interchange/Assets/Content/gltf/MaterialInstances/MI_Sheen_Mask_DS.uasset" 939
"../../../Engine/Plugins/Interchange/Assets/Content/gltf/MaterialInstances/MI_Sheen_Mask_DS.uexp" 940
"../../../Engine/Plugins/Interchange/Assets/Content/gltf/MaterialInstances/MI_Sheen_Opaque.uasset" 941
"../../../Engine/Plugins/Interchange/Assets/Content/gltf/MaterialInstances/MI_Sheen_Opaque.uexp" 942
"../../../Engine/Plugins/Interchange/Assets/Content/gltf/MaterialInstances/MI_Sheen_Opaque_DS.uasset" 943
"../../../Engine/Plugins/Interchange/Assets/Content/gltf/MaterialInstances/MI_Sheen_Opaque_DS.uexp" 944
"../../../Engine/Plugins/Interchange/Assets/Content/gltf/MaterialFunctions/MF_DiffuseSpecGloss.uasset" 945
"../../../Engine/Plugins/Interchange/Assets/Content/gltf/MaterialFunctions/MF_DiffuseSpecGloss.uexp" 946
"../../../Engine/Plugins/Interchange/Assets/Content/gltf/MaterialFunctions/MF_MaxComponentValue.uasset" 947
"../../../Engine/Plugins/Interchange/Assets/Content/gltf/MaterialFunctions/MF_MaxComponentValue.uexp" 948
"../../../Engine/Content/Functions/Engine_MaterialFunctions02/Math/AddComponents.uasset" 949
"../../../Engine/Content/Functions/Engine_MaterialFunctions02/Math/AddComponents.uexp" 950
"../../../Engine/Plugins/Interchange/Assets/Content/gltf/MaterialFunctions/MF_PerceivedBrightness.uasset" 951
"../../../Engine/Plugins/Interchange/Assets/Content/gltf/MaterialFunctions/MF_PerceivedBrightness.uexp" 952
"../../../Engine/Plugins/Interchange/Assets/Content/gltf/MaterialFunctions/MF_SpecGlossToMetalRoughness.uasset" 953
"../../../Engine/Plugins/Interchange/Assets/Content/gltf/MaterialFunctions/MF_SpecGlossToMetalRoughness.uexp" 954
"../../../Engine/Plugins/Interchange/Assets/Content/gltf/MaterialBodies/MF_SpecularGlossiness_Body.uasset" 955
"../../../Engine/Plugins/Interchange/Assets/Content/gltf/MaterialBodies/MF_SpecularGlossiness_Body.uexp" 956
"../../../Engine/Plugins/Interchange/Assets/Content/gltf/M_SpecularGlossiness.uasset" 957
"../../../Engine/Plugins/Interchange/Assets/Content/gltf/M_SpecularGlossiness.uexp" 958
"../../../Engine/Plugins/Interchange/Assets/Content/gltf/MaterialInstances/MI_SpecularGlossiness_Blend.uasset" 959
"../../../Engine/Plugins/Interchange/Assets/Content/gltf/MaterialInstances/MI_SpecularGlossiness_Blend.uexp" 960
"../../../Engine/Plugins/Interchange/Assets/Content/gltf/MaterialInstances/MI_SpecularGlossiness_Blend_DS.uasset" 961
"../../../Engine/Plugins/Interchange/Assets/Content/gltf/MaterialInstances/MI_SpecularGlossiness_Blend_DS.uexp" 962
"../../../Engine/Plugins/Interchange/Assets/Content/gltf/MaterialInstances/MI_SpecularGlossiness_Mask.uasset" 963
"../../../Engine/Plugins/Interchange/Assets/Content/gltf/MaterialInstances/MI_SpecularGlossiness_Mask.uexp" 964
"../../../Engine/Plugins/Interchange/Assets/Content/gltf/MaterialInstances/MI_SpecularGlossiness_Mask_DS.uasset" 965
"../../../Engine/Plugins/Interchange/Assets/Content/gltf/MaterialInstances/MI_SpecularGlossiness_Mask_DS.uexp" 966
"../../../Engine/Plugins/Interchange/Assets/Content/gltf/MaterialInstances/MI_SpecularGlossiness_Opaque.uasset" 967
"../../../Engine/Plugins/Interchange/Assets/Content/gltf/MaterialInstances/MI_SpecularGlossiness_Opaque.uexp" 968
"../../../Engine/Plugins/Interchange/Assets/Content/gltf/MaterialInstances/MI_SpecularGlossiness_Opaque_DS.uasset" 969
"../../../Engine/Plugins/Interchange/Assets/Content/gltf/MaterialInstances/MI_SpecularGlossiness_Opaque_DS.uexp" 970
"../../../Engine/Content/EngineMaterials/Good64x64TilingNoiseHighFreq.uasset" 971
"../../../Engine/Content/EngineMaterials/Good64x64TilingNoiseHighFreq.uexp" 972
"../../../Engine/Content/Functions/Engine_MaterialFunctions02/Texturing/ScreenAlignedPixelToPixelUVs.uasset" 973
"../../../Engine/Content/Functions/Engine_MaterialFunctions02/Texturing/ScreenAlignedPixelToPixelUVs.uexp" 974
"../../../Engine/Plugins/Interchange/Assets/Content/gltf/MaterialFunctions/MF_Fresnel_DS.uasset" 975
"../../../Engine/Plugins/Interchange/Assets/Content/gltf/MaterialFunctions/MF_Fresnel_DS.uexp" 976
"../../../Engine/Plugins/Interchange/Assets/Content/gltf/MaterialFunctions/MF_Temporal_Blur.uasset" 977
"../../../Engine/Plugins/Interchange/Assets/Content/gltf/MaterialFunctions/MF_Temporal_Blur.uexp" 978
"../../../Engine/Plugins/Interchange/Assets/Content/gltf/MaterialFunctions/MF_Transmission.uasset" 979
"../../../Engine/Plugins/Interchange/Assets/Content/gltf/MaterialFunctions/MF_Transmission.uexp" 980
"../../../Engine/Plugins/Interchange/Assets/Content/gltf/MaterialBodies/MF_Transmission_Body.uasset" 981
"../../../Engine/Plugins/Interchange/Assets/Content/gltf/MaterialBodies/MF_Transmission_Body.uexp" 982
"../../../Engine/Plugins/Interchange/Assets/Content/gltf/M_Transmission.uasset" 983
"../../../Engine/Plugins/Interchange/Assets/Content/gltf/M_Transmission.uexp" 984
"../../../Engine/Plugins/Interchange/Assets/Content/gltf/MaterialInstances/MI_Transmission.uasset" 985
"../../../Engine/Plugins/Interchange/Assets/Content/gltf/MaterialInstances/MI_Transmission.uexp" 986
"../../../Engine/Plugins/Interchange/Assets/Content/gltf/MaterialInstances/MI_Transmission_DS.uasset" 987
"../../../Engine/Plugins/Interchange/Assets/Content/gltf/MaterialInstances/MI_Transmission_DS.uexp" 988
"../../../Engine/Plugins/Interchange/Assets/Content/gltf/MaterialBodies/MF_Unlit_Body.uasset" 989
"../../../Engine/Plugins/Interchange/Assets/Content/gltf/MaterialBodies/MF_Unlit_Body.uexp" 990
"../../../Engine/Plugins/Interchange/Assets/Content/gltf/M_Unlit.uasset" 991
"../../../Engine/Plugins/Interchange/Assets/Content/gltf/M_Unlit.uexp" 992
"../../../Engine/Plugins/Interchange/Assets/Content/gltf/MaterialInstances/MI_Unlit_Blend.uasset" 993
"../../../Engine/Plugins/Interchange/Assets/Content/gltf/MaterialInstances/MI_Unlit_Blend.uexp" 994
"../../../Engine/Plugins/Interchange/Assets/Content/gltf/MaterialInstances/MI_Unlit_Blend_DS.uasset" 995
"../../../Engine/Plugins/Interchange/Assets/Content/gltf/MaterialInstances/MI_Unlit_Blend_DS.uexp" 996
"../../../Engine/Plugins/MovieScene/MovieRenderPipeline/Content/Blueprints/Graph/DefaultGraphBurnIn.uasset" 997
"../../../Engine/Plugins/MovieScene/MovieRenderPipeline/Content/Blueprints/Graph/DefaultGraphBurnIn.uexp" 998
"../../../Engine/Content/EditorMaterials/T_1x1_Grid.ubulk" 999
"../../../Engine/Content/EditorMaterials/T_1x1_Grid.uasset" 1000
"../../../Engine/Content/EditorMaterials/T_1x1_Grid.uexp" 1001
"../../../Engine/Plugins/Runtime/nDisplay/Content/Materials/Preview/M_DisplayDeviceMesh.uasset" 1002
"../../../Engine/Plugins/Runtime/nDisplay/Content/Materials/Preview/M_DisplayDeviceMesh.uexp" 1003
"../../../Engine/Plugins/Runtime/nDisplay/Content/Materials/Preview/M_DisplayDevicePreview.uasset" 1004
"../../../Engine/Plugins/Runtime/nDisplay/Content/Materials/Preview/M_DisplayDevicePreview.uexp" 1005
"../../../Engine/Content/Functions/Engine_MaterialFunctions01/Texturing/FlattenNormal.uasset" 1006
"../../../Engine/Content/Functions/Engine_MaterialFunctions01/Texturing/FlattenNormal.uexp" 1007
"../../../Engine/Plugins/Interchange/Assets/Content/gltf/MaterialFunctions/MF_Clearcoat.uasset" 1008
"../../../Engine/Plugins/Interchange/Assets/Content/gltf/MaterialFunctions/MF_Clearcoat.uexp" 1009
"../../../Engine/Plugins/Interchange/Assets/Content/gltf/MaterialBodies/MF_ClearCoat_Body.uasset" 1010
"../../../Engine/Plugins/Interchange/Assets/Content/gltf/MaterialBodies/MF_ClearCoat_Body.uexp" 1011
"../../../Engine/Plugins/Interchange/Assets/Content/gltf/M_ClearCoat.uasset" 1012
"../../../Engine/Plugins/Interchange/Assets/Content/gltf/M_ClearCoat.uexp" 1013
"../../../Engine/Plugins/Interchange/Assets/Content/gltf/MaterialInstances/MI_ClearCoat_Blend.uasset" 1014
"../../../Engine/Plugins/Interchange/Assets/Content/gltf/MaterialInstances/MI_ClearCoat_Blend.uexp" 1015
"../../../Engine/Plugins/Runtime/nDisplay/Content/Materials/Preview/M_DisplayDevicePreviewTechvis.uasset" 1016
"../../../Engine/Plugins/Runtime/nDisplay/Content/Materials/Preview/M_DisplayDevicePreviewTechvis.uexp" 1017
"../../../Engine/Plugins/Interchange/Assets/Content/gltf/MaterialInstances/MI_ClearCoat_Blend_DS.uasset" 1018
"../../../Engine/Plugins/Interchange/Assets/Content/gltf/MaterialInstances/MI_ClearCoat_Blend_DS.uexp" 1019
"../../../Engine/Plugins/Interchange/Assets/Content/gltf/MaterialInstances/MI_ClearCoat_Mask.uasset" 1020
"../../../Engine/Plugins/Interchange/Assets/Content/gltf/MaterialInstances/MI_ClearCoat_Mask.uexp" 1021
"../../../Engine/Content/ArtTools/RenderToTexture/Meshes/S_1_Unit_Plane.ubulk" 1022
"../../../Engine/Content/ArtTools/RenderToTexture/Meshes/S_1_Unit_Plane.uasset" 1023
"../../../Engine/Content/ArtTools/RenderToTexture/Meshes/S_1_Unit_Plane.uexp" 1024
"../../../Engine/Plugins/Runtime/nDisplay/Content/TestPatterns/Animated/M_TPAChevron.uasset" 1025
"../../../Engine/Plugins/Runtime/nDisplay/Content/TestPatterns/Animated/M_TPAChevron.uexp" 1026
"../../../Engine/Plugins/Interchange/Assets/Content/gltf/MaterialInstances/MI_ClearCoat_Mask_DS.uasset" 1027
"../../../Engine/Plugins/Interchange/Assets/Content/gltf/MaterialInstances/MI_ClearCoat_Mask_DS.uexp" 1028
"../../../Engine/Plugins/Runtime/nDisplay/Content/TestPatterns/Animated/M_TPAGrid.uasset" 1029
"../../../Engine/Plugins/Runtime/nDisplay/Content/TestPatterns/Animated/M_TPAGrid.uexp" 1030
"../../../Engine/Plugins/Runtime/nDisplay/Content/TestPatterns/Animated/M_TPAMirroredChevron.uasset" 1031
"../../../Engine/Plugins/Runtime/nDisplay/Content/TestPatterns/Animated/M_TPAMirroredChevron.uexp" 1032
"../../../Engine/Plugins/Interchange/Assets/Content/gltf/MaterialInstances/MI_ClearCoat_Opaque.uasset" 1033
"../../../Engine/Plugins/Interchange/Assets/Content/gltf/MaterialInstances/MI_ClearCoat_Opaque.uexp" 1034
"../../../Engine/Plugins/Runtime/nDisplay/Content/TestPatterns/Animated/M_TPARadar.uasset" 1035
"../../../Engine/Plugins/Runtime/nDisplay/Content/TestPatterns/Animated/M_TPARadar.uexp" 1036
"../../../Engine/Plugins/Interchange/Assets/Content/gltf/MaterialInstances/MI_ClearCoat_Opaque_DS.uasset" 1037
"../../../Engine/Plugins/Interchange/Assets/Content/gltf/MaterialInstances/MI_ClearCoat_Opaque_DS.uexp" 1038
"../../../Engine/Plugins/Runtime/nDisplay/Content/TestPatterns/Animated/M_TPAStrips.uasset" 1039
"../../../Engine/Plugins/Runtime/nDisplay/Content/TestPatterns/Animated/M_TPAStrips.uexp" 1040
"../../../Engine/Plugins/Runtime/nDisplay/Content/TestPatterns/Statics/M_TPSCircles.uasset" 1041
"../../../Engine/Plugins/Runtime/nDisplay/Content/TestPatterns/Statics/M_TPSCircles.uexp" 1042
"../../../Engine/Plugins/Interchange/Assets/Content/gltf/MaterialBodies/MF_Default_Body.uasset" 1043
"../../../Engine/Plugins/Interchange/Assets/Content/gltf/MaterialBodies/MF_Default_Body.uexp" 1044
"../../../Engine/Plugins/Interchange/Assets/Content/gltf/M_Default.uasset" 1045
"../../../Engine/Plugins/Interchange/Assets/Content/gltf/M_Default.uexp" 1046
"../../../Engine/Plugins/Interchange/Assets/Content/gltf/MaterialInstances/MI_Default_Blend.uasset" 1047
"../../../Engine/Plugins/Interchange/Assets/Content/gltf/MaterialInstances/MI_Default_Blend.uexp" 1048
"../../../Engine/Plugins/Runtime/nDisplay/Content/TestPatterns/Statics/M_TPSColoredBars.uasset" 1049
"../../../Engine/Plugins/Runtime/nDisplay/Content/TestPatterns/Statics/M_TPSColoredBars.uexp" 1050
"../../../Engine/Plugins/Interchange/Assets/Content/gltf/MaterialInstances/MI_Default_Blend_DS.uasset" 1051
"../../../Engine/Plugins/Interchange/Assets/Content/gltf/MaterialInstances/MI_Default_Blend_DS.uexp" 1052
"../../../Engine/Plugins/Runtime/nDisplay/Content/TestPatterns/Statics/M_TPSGrayBars.uasset" 1053
"../../../Engine/Plugins/Runtime/nDisplay/Content/TestPatterns/Statics/M_TPSGrayBars.uexp" 1054
"../../../Engine/Plugins/Interchange/Assets/Content/gltf/MaterialInstances/MI_Default_Mask.uasset" 1055
"../../../Engine/Plugins/Interchange/Assets/Content/gltf/MaterialInstances/MI_Default_Mask.uexp" 1056
"../../../Engine/Plugins/Runtime/nDisplay/Content/TestPatterns/Statics/M_TPSGridCircles.uasset" 1057
"../../../Engine/Plugins/Runtime/nDisplay/Content/TestPatterns/Statics/M_TPSGridCircles.uexp" 1058
"../../../Engine/Plugins/Interchange/Assets/Content/gltf/MaterialInstances/MI_Default_Mask_DS.uasset" 1059
"../../../Engine/Plugins/Interchange/Assets/Content/gltf/MaterialInstances/MI_Default_Mask_DS.uexp" 1060
"../../../Engine/Plugins/Interchange/Assets/Content/gltf/MaterialInstances/MI_Default_Opaque.uasset" 1061
"../../../Engine/Plugins/Interchange/Assets/Content/gltf/MaterialInstances/MI_Default_Opaque.uexp" 1062
"../../../Engine/Plugins/Interchange/Assets/Content/gltf/MaterialInstances/MI_Default_Opaque_DS.uasset" 1063
"../../../Engine/Plugins/Interchange/Assets/Content/gltf/MaterialInstances/MI_Default_Opaque_DS.uexp" 1064
"../../../Engine/Plugins/Interchange/Assets/Content/gltf/MaterialInstances/MI_Sheen_Blend.uasset" 1065
"../../../Engine/Plugins/Interchange/Assets/Content/gltf/MaterialInstances/MI_Sheen_Blend.uexp" 1066
"../../../Engine/Plugins/Interchange/Assets/Content/gltf/MaterialInstances/MI_Sheen_Blend_DS.uasset" 1067
"../../../Engine/Plugins/Interchange/Assets/Content/gltf/MaterialInstances/MI_Sheen_Blend_DS.uexp" 1068
"../../../Engine/Plugins/Interchange/Assets/Content/gltf/MaterialInstances/MI_Sheen_Mask.uasset" 1069
"../../../Engine/Plugins/Interchange/Assets/Content/gltf/MaterialInstances/MI_Sheen_Mask.uexp" 1070
"../../../Engine/Content/EngineResources/Black.uasset" 1071
"../../../Engine/Content/EngineResources/Black.uexp" 1072
"../../../Engine/Plugins/Runtime/OpenXR/Content/Devices/M_XRController.uasset" 1073
"../../../Engine/Plugins/Runtime/OpenXR/Content/Devices/M_XRController.uexp" 1074
"../../../Engine/Plugins/Runtime/OpenXR/Content/Devices/HTCVive/BaseTexture.ubulk" 1075
"../../../Engine/Plugins/Runtime/OpenXR/Content/Devices/HTCVive/BaseTexture.uasset" 1076
"../../../Engine/Plugins/Runtime/OpenXR/Content/Devices/HTCVive/BaseTexture.uexp" 1077
"../../../Engine/Plugins/Runtime/OpenXR/Content/Devices/HTCVive/MI_HTCVive.uasset" 1078
"../../../Engine/Plugins/Runtime/OpenXR/Content/Devices/HTCVive/MI_HTCVive.uexp" 1079
"../../../Engine/Plugins/Runtime/OpenXR/Content/Devices/HTCVive/HTCViveController.ubulk" 1080
"../../../Engine/Plugins/Runtime/OpenXR/Content/Devices/HTCVive/HTCViveController.uasset" 1081
"../../../Engine/Plugins/Runtime/OpenXR/Content/Devices/HTCVive/HTCViveController.uexp" 1082
"../../../Engine/Content/EngineMaterials/Substrate/GLints/AGlintTex2dArray.uasset" 1083
"../../../Engine/Content/EngineMaterials/Substrate/GLints/AGlintTex2dArray.uexp" 1084
"../../../Engine/Plugins/Runtime/OpenXR/Content/Devices/OculusGo/BaseTexture.ubulk" 1085
"../../../Engine/Plugins/Runtime/OpenXR/Content/Devices/OculusGo/BaseTexture.uasset" 1086
"../../../Engine/Plugins/Runtime/OpenXR/Content/Devices/OculusGo/BaseTexture.uexp" 1087
"../../../Engine/Plugins/Runtime/OpenXR/Content/Devices/OculusGo/MI_OculusGo.uasset" 1088
"../../../Engine/Plugins/Runtime/OpenXR/Content/Devices/OculusGo/MI_OculusGo.uexp" 1089
"../../../Engine/Plugins/Runtime/OpenXR/Content/Devices/OculusGo/OculusGoController.ubulk" 1090
"../../../Engine/Plugins/Runtime/OpenXR/Content/Devices/OculusGo/OculusGoController.uasset" 1091
"../../../Engine/Plugins/Runtime/OpenXR/Content/Devices/OculusGo/OculusGoController.uexp" 1092
"../../../Engine/Plugins/Interchange/Assets/Content/gltf/MaterialInstances/MI_Unlit_Mask.uasset" 1093
"../../../Engine/Plugins/Interchange/Assets/Content/gltf/MaterialInstances/MI_Unlit_Mask.uexp" 1094
"../../../Engine/Plugins/Interchange/Assets/Content/gltf/MaterialInstances/MI_Unlit_Mask_DS.uasset" 1095
"../../../Engine/Plugins/Interchange/Assets/Content/gltf/MaterialInstances/MI_Unlit_Mask_DS.uexp" 1096
"../../../Engine/Plugins/Interchange/Assets/Content/gltf/MaterialInstances/MI_Unlit_Opaque.uasset" 1097
"../../../Engine/Plugins/Interchange/Assets/Content/gltf/MaterialInstances/MI_Unlit_Opaque.uexp" 1098
"../../../Engine/Plugins/Interchange/Assets/Content/gltf/MaterialInstances/MI_Unlit_Opaque_DS.uasset" 1099
"../../../Engine/Plugins/Interchange/Assets/Content/gltf/MaterialInstances/MI_Unlit_Opaque_DS.uexp" 1100
"../../../Engine/Content/EngineMaterials/Substrate/Glints2/AGlintTex2dArray2.uasset" 1101
"../../../Engine/Content/EngineMaterials/Substrate/Glints2/AGlintTex2dArray2.uexp" 1102
"../../../Engine/Content/Functions/Engine_MaterialFunctions01/Shading/ConvertFromDiffSpec.uasset" 1103
"../../../Engine/Content/Functions/Engine_MaterialFunctions01/Shading/ConvertFromDiffSpec.uexp" 1104
"../../../Engine/Content/Functions/Engine_MaterialFunctions01/Shading/PowerToRoughness.uasset" 1105
"../../../Engine/Content/Functions/Engine_MaterialFunctions01/Shading/PowerToRoughness.uexp" 1106
"../../../Engine/Content/EngineMaterials/Substrate/Volume/SubstrateSimpleVolumeEnvLUT3D.uasset" 1107
"../../../Engine/Content/EngineMaterials/Substrate/Volume/SubstrateSimpleVolumeEnvLUT3D.uexp" 1108
"../../../Engine/Content/EngineMaterials/Substrate/Volume/SubstrateSimpleVolumeLUT3D.uasset" 1109
"../../../Engine/Content/EngineMaterials/Substrate/Volume/SubstrateSimpleVolumeLUT3D.uexp" 1110
"../../../Engine/Content/VREditor/Devices/Vive/VivePreController_MasksB.ubulk" 1111
"../../../Engine/Content/VREditor/Devices/Vive/VivePreController_MasksB.uasset" 1112
"../../../Engine/Content/VREditor/Devices/Vive/VivePreController_MasksB.uexp" 1113
"../../../Engine/Content/VREditor/Devices/Oculus/OculusControllerMaterial.uasset" 1114
"../../../Engine/Content/VREditor/Devices/Oculus/OculusControllerMaterial.uexp" 1115
"../../../Engine/Content/VREditor/Devices/Oculus/OculusControllerMaterial_Inst.uasset" 1116
"../../../Engine/Content/VREditor/Devices/Oculus/OculusControllerMaterial_Inst.uexp" 1117
"../../../Engine/Content/VREditor/Devices/Oculus/OculusControllerMesh.ubulk" 1118
"../../../Engine/Content/VREditor/Devices/Oculus/OculusControllerMesh.uasset" 1119
"../../../Engine/Content/VREditor/Devices/Oculus/OculusControllerMesh.uexp" 1120
"../../../Engine/Content/VREditor/Devices/STEM/STEMControllerDiffuse.ubulk" 1121
"../../../Engine/Content/VREditor/Devices/STEM/STEMControllerDiffuse.uasset" 1122
"../../../Engine/Content/VREditor/Devices/STEM/STEMControllerDiffuse.uexp" 1123
"../../../Engine/Content/VREditor/Devices/STEM/STEMControllerNormal.ubulk" 1124
"../../../Engine/Content/VREditor/Devices/STEM/STEMControllerNormal.uasset" 1125
"../../../Engine/Content/VREditor/Devices/STEM/STEMControllerNormal.uexp" 1126
"../../../Engine/Content/VREditor/Devices/STEM/STEMControllerMat.uasset" 1127
"../../../Engine/Content/VREditor/Devices/STEM/STEMControllerMat.uexp" 1128
"../../../Engine/Content/VREditor/Devices/STEM/STEMControllerMesh.ubulk" 1129
"../../../Engine/Content/VREditor/Devices/STEM/STEMControllerMesh.uasset" 1130
"../../../Engine/Content/VREditor/Devices/STEM/STEMControllerMesh.uexp" 1131
"../../../Engine/Content/VREditor/Devices/Vive/ViveControllerDiffuse.ubulk" 1132
"../../../Engine/Content/VREditor/Devices/Vive/ViveControllerDiffuse.uasset" 1133
"../../../Engine/Content/VREditor/Devices/Vive/ViveControllerDiffuse.uexp" 1134
"../../../Engine/Content/VREditor/Devices/Vive/ViveControllerMaterial.uasset" 1135
"../../../Engine/Content/VREditor/Devices/Vive/ViveControllerMaterial.uexp" 1136
"../../../Engine/Content/VREditor/Devices/Vive/ViveControllerMesh.ubulk" 1137
"../../../Engine/Content/VREditor/Devices/Vive/ViveControllerMesh.uasset" 1138
"../../../Engine/Content/VREditor/Devices/Vive/ViveControllerMesh.uexp" 1139
"../../../Engine/Content/VREditor/Devices/Generic/GenericHMDMaterial.uasset" 1140
"../../../Engine/Content/VREditor/Devices/Generic/GenericHMDMaterial.uexp" 1141
"../../../Engine/Content/VREditor/Devices/Generic/GenericHMD.ubulk" 1142
"../../../Engine/Content/VREditor/Devices/Generic/GenericHMD.uasset" 1143
"../../../Engine/Content/VREditor/Devices/Generic/GenericHMD.uexp" 1144
"C:/Users/User/OneDrive/Documentos/Unreal Projects/RecorderTest/Content/XRFramework/Input/Actions/IA_CalibratePlayer.uasset" 1145
"C:/Users/User/OneDrive/Documentos/Unreal Projects/RecorderTest/Content/XRFramework/Input/Actions/IA_CalibratePlayer.uexp" 1146
"C:/Users/User/OneDrive/Documentos/Unreal Projects/RecorderTest/Content/Players/Player_Level2/Calibration.uasset" 1147
"C:/Users/User/OneDrive/Documentos/Unreal Projects/RecorderTest/Content/Players/Player_Level2/Calibration.uexp" 1148
"C:/Users/User/OneDrive/Documentos/Unreal Projects/RecorderTest/Content/Data/Recorder/Actions/IA_StartRcording.uasset" 1149
"C:/Users/User/OneDrive/Documentos/Unreal Projects/RecorderTest/Content/Data/Recorder/Actions/IA_StartRcording.uexp" 1150
"C:/Users/User/OneDrive/Documentos/Unreal Projects/RecorderTest/Content/Data/Recorder/Actions/IA_StopRecording.uasset" 1151
"C:/Users/User/OneDrive/Documentos/Unreal Projects/RecorderTest/Content/Data/Recorder/Actions/IA_StopRecording.uexp" 1152
"C:/Users/User/OneDrive/Documentos/Unreal Projects/RecorderTest/Content/Data/Recorder/Actions/IMC_Recorder.uasset" 1153
"C:/Users/User/OneDrive/Documentos/Unreal Projects/RecorderTest/Content/Data/Recorder/Actions/IMC_Recorder.uexp" 1154
"C:/Users/User/OneDrive/Documentos/Unreal Projects/RecorderTest/Content/Data/Recorder/Struct/S_TrackerSnapshot.uasset" 1155
"C:/Users/User/OneDrive/Documentos/Unreal Projects/RecorderTest/Content/Data/Recorder/Struct/S_TrackerSnapshot.uexp" 1156
"C:/Users/User/OneDrive/Documentos/Unreal Projects/RecorderTest/Content/Data/Recorder/SaveGame/BP_MovementSaveGame.uasset" 1157
"C:/Users/User/OneDrive/Documentos/Unreal Projects/RecorderTest/Content/Data/Recorder/SaveGame/BP_MovementSaveGame.uexp" 1158
"C:/Users/User/OneDrive/Documentos/Unreal Projects/RecorderTest/Content/Data/Recorder/SaveGame/BP_RecorderIndexSaveGame.uasset" 1159
"C:/Users/User/OneDrive/Documentos/Unreal Projects/RecorderTest/Content/Data/Recorder/SaveGame/BP_RecorderIndexSaveGame.uexp" 1160
"C:/Users/User/OneDrive/Documentos/Unreal Projects/RecorderTest/Content/Data/Recorder/VR_RecorderPlayer.uasset" 1161
"C:/Users/User/OneDrive/Documentos/Unreal Projects/RecorderTest/Content/Data/Recorder/VR_RecorderPlayer.uexp" 1162
"C:/Users/User/OneDrive/Documentos/Unreal Projects/RecorderTest/Content/GameInfo/GameModeTest.uasset" 1163
"C:/Users/User/OneDrive/Documentos/Unreal Projects/RecorderTest/Content/GameInfo/GameModeTest.uexp" 1164
"../../../Engine/Plugins/Runtime/OpenXR/Content/Devices/HPMixedReality/BaseTexture.ubulk" 1165
"../../../Engine/Plugins/Runtime/OpenXR/Content/Devices/HPMixedReality/BaseTexture.uasset" 1166
"../../../Engine/Plugins/Runtime/OpenXR/Content/Devices/HPMixedReality/BaseTexture.uexp" 1167
"../../../Engine/Plugins/Runtime/OpenXR/Content/Devices/HPMixedReality/EmissiveTexture.ubulk" 1168
"../../../Engine/Plugins/Runtime/OpenXR/Content/Devices/HPMixedReality/EmissiveTexture.uasset" 1169
"../../../Engine/Plugins/Runtime/OpenXR/Content/Devices/HPMixedReality/EmissiveTexture.uexp" 1170
"../../../Engine/Plugins/Runtime/OpenXR/Content/Devices/HPMixedReality/MRTexture.ubulk" 1171
"../../../Engine/Plugins/Runtime/OpenXR/Content/Devices/HPMixedReality/MRTexture.uasset" 1172
"../../../Engine/Plugins/Runtime/OpenXR/Content/Devices/HPMixedReality/MRTexture.uexp" 1173
"../../../Engine/Plugins/Runtime/OpenXR/Content/Devices/HPMixedReality/NormalTexture.ubulk" 1174
"../../../Engine/Plugins/Runtime/OpenXR/Content/Devices/HPMixedReality/NormalTexture.uasset" 1175
"../../../Engine/Plugins/Runtime/OpenXR/Content/Devices/HPMixedReality/NormalTexture.uexp" 1176
"../../../Engine/Plugins/Runtime/OpenXR/Content/Devices/HPMixedReality/MI_HPMixedReality.uasset" 1177
"../../../Engine/Plugins/Runtime/OpenXR/Content/Devices/HPMixedReality/MI_HPMixedReality.uexp" 1178
"../../../Engine/Plugins/Runtime/OpenXR/Content/Devices/HPMixedReality/Left/left_HPMixedRealityController.ubulk" 1179
"../../../Engine/Plugins/Runtime/OpenXR/Content/Devices/HPMixedReality/Left/left_HPMixedRealityController.uasset" 1180
"../../../Engine/Plugins/Runtime/OpenXR/Content/Devices/HPMixedReality/Left/left_HPMixedRealityController.uexp" 1181
"../../../Engine/Plugins/Runtime/OpenXR/Content/Devices/HPMixedReality/Right/right_HPMixedRealityController.ubulk" 1182
"../../../Engine/Plugins/Runtime/OpenXR/Content/Devices/HPMixedReality/Right/right_HPMixedRealityController.uasset" 1183
"../../../Engine/Plugins/Runtime/OpenXR/Content/Devices/HPMixedReality/Right/right_HPMixedRealityController.uexp" 1184
"../../../Engine/Plugins/Runtime/OpenXR/Content/Devices/MicrosoftMixedReality/BaseTexture.ubulk" 1185
"../../../Engine/Plugins/Runtime/OpenXR/Content/Devices/MicrosoftMixedReality/BaseTexture.uasset" 1186
"../../../Engine/Plugins/Runtime/OpenXR/Content/Devices/MicrosoftMixedReality/BaseTexture.uexp" 1187
"../../../Engine/Plugins/Runtime/OpenXR/Content/Devices/MicrosoftMixedReality/EmissiveTexture.ubulk" 1188
"../../../Engine/Plugins/Runtime/OpenXR/Content/Devices/MicrosoftMixedReality/EmissiveTexture.uasset" 1189
"../../../Engine/Plugins/Runtime/OpenXR/Content/Devices/MicrosoftMixedReality/EmissiveTexture.uexp" 1190
"../../../Engine/Plugins/Runtime/OpenXR/Content/Devices/MicrosoftMixedReality/MRTexture.ubulk" 1191
"../../../Engine/Plugins/Runtime/OpenXR/Content/Devices/MicrosoftMixedReality/MRTexture.uasset" 1192
"../../../Engine/Plugins/Runtime/OpenXR/Content/Devices/MicrosoftMixedReality/MRTexture.uexp" 1193
"../../../Engine/Plugins/Runtime/OpenXR/Content/Devices/MicrosoftMixedReality/NormalTexture.ubulk" 1194
"../../../Engine/Plugins/Runtime/OpenXR/Content/Devices/MicrosoftMixedReality/NormalTexture.uasset" 1195
"../../../Engine/Plugins/Runtime/OpenXR/Content/Devices/MicrosoftMixedReality/NormalTexture.uexp" 1196
"../../../Engine/Plugins/Runtime/OpenXR/Content/Devices/MicrosoftMixedReality/MI_MicrosoftMixedReality.uasset" 1197
"../../../Engine/Plugins/Runtime/OpenXR/Content/Devices/MicrosoftMixedReality/MI_MicrosoftMixedReality.uexp" 1198
"../../../Engine/Plugins/Runtime/OpenXR/Content/Devices/MicrosoftMixedReality/Left/left_MicrosoftMixedRealityController.ubulk" 1199
"../../../Engine/Plugins/Runtime/OpenXR/Content/Devices/MicrosoftMixedReality/Left/left_MicrosoftMixedRealityController.uasset" 1200
"../../../Engine/Plugins/Runtime/OpenXR/Content/Devices/MicrosoftMixedReality/Left/left_MicrosoftMixedRealityController.uexp" 1201
"../../../Engine/Plugins/Runtime/OpenXR/Content/Devices/MicrosoftMixedReality/Right/right_MicrosoftMixedRealityController.ubulk" 1202
"../../../Engine/Plugins/Runtime/OpenXR/Content/Devices/MicrosoftMixedReality/Right/right_MicrosoftMixedRealityController.uasset" 1203
"../../../Engine/Plugins/Runtime/OpenXR/Content/Devices/MicrosoftMixedReality/Right/right_MicrosoftMixedRealityController.uexp" 1204
"../../../Engine/Plugins/Runtime/OpenXR/Content/Devices/OculusTouch/BaseTexture.ubulk" 1205
"../../../Engine/Plugins/Runtime/OpenXR/Content/Devices/OculusTouch/BaseTexture.uasset" 1206
"../../../Engine/Plugins/Runtime/OpenXR/Content/Devices/OculusTouch/BaseTexture.uexp" 1207
"../../../Engine/Plugins/Runtime/OpenXR/Content/Devices/OculusTouch/MRTexture.ubulk" 1208
"../../../Engine/Plugins/Runtime/OpenXR/Content/Devices/OculusTouch/MRTexture.uasset" 1209
"../../../Engine/Plugins/Runtime/OpenXR/Content/Devices/OculusTouch/MRTexture.uexp" 1210
"../../../Engine/Plugins/Runtime/OpenXR/Content/Devices/OculusTouch/MI_OculusTouch.uasset" 1211
"../../../Engine/Plugins/Runtime/OpenXR/Content/Devices/OculusTouch/MI_OculusTouch.uexp" 1212
"../../../Engine/Plugins/Runtime/OpenXR/Content/Devices/OculusTouch/Left/left_OculusTouchController.ubulk" 1213
"../../../Engine/Plugins/Runtime/OpenXR/Content/Devices/OculusTouch/Left/left_OculusTouchController.uasset" 1214
"../../../Engine/Plugins/Runtime/OpenXR/Content/Devices/OculusTouch/Left/left_OculusTouchController.uexp" 1215
"../../../Engine/Plugins/Runtime/OpenXR/Content/Devices/OculusTouch/Right/right_OculusTouchController.ubulk" 1216
"../../../Engine/Plugins/Runtime/OpenXR/Content/Devices/OculusTouch/Right/right_OculusTouchController.uasset" 1217
"../../../Engine/Plugins/Runtime/OpenXR/Content/Devices/OculusTouch/Right/right_OculusTouchController.uexp" 1218
"../../../Engine/Plugins/Runtime/OpenXR/Content/Devices/OculusTouch_v2/BaseTexture.ubulk" 1219
"../../../Engine/Plugins/Runtime/OpenXR/Content/Devices/OculusTouch_v2/BaseTexture.uasset" 1220
"../../../Engine/Plugins/Runtime/OpenXR/Content/Devices/OculusTouch_v2/BaseTexture.uexp" 1221
"../../../Engine/Plugins/Runtime/OpenXR/Content/Devices/OculusTouch_v2/MRTexture.ubulk" 1222
"../../../Engine/Plugins/Runtime/OpenXR/Content/Devices/OculusTouch_v2/MRTexture.uasset" 1223
"../../../Engine/Plugins/Runtime/OpenXR/Content/Devices/OculusTouch_v2/MRTexture.uexp" 1224
"../../../Engine/Plugins/Runtime/OpenXR/Content/Devices/OculusTouch_v2/MI_OculusTouch_v2.uasset" 1225
"../../../Engine/Plugins/Runtime/OpenXR/Content/Devices/OculusTouch_v2/MI_OculusTouch_v2.uexp" 1226
"../../../Engine/Plugins/Runtime/OpenXR/Content/Devices/OculusTouch_v2/Left/left_OculusTouch_v2Controller.ubulk" 1227
"../../../Engine/Plugins/Runtime/OpenXR/Content/Devices/OculusTouch_v2/Left/left_OculusTouch_v2Controller.uasset" 1228
"../../../Engine/Plugins/Runtime/OpenXR/Content/Devices/OculusTouch_v2/Left/left_OculusTouch_v2Controller.uexp" 1229
"../../../Engine/Plugins/Runtime/OpenXR/Content/Devices/OculusTouch_v2/Right/right_OculusTouch_v2Controller.ubulk" 1230
"../../../Engine/Plugins/Runtime/OpenXR/Content/Devices/OculusTouch_v2/Right/right_OculusTouch_v2Controller.uasset" 1231
"../../../Engine/Plugins/Runtime/OpenXR/Content/Devices/OculusTouch_v2/Right/right_OculusTouch_v2Controller.uexp" 1232
"../../../Engine/Plugins/Runtime/OpenXR/Content/Devices/OculusTouch_v3/BaseTexture.ubulk" 1233
"../../../Engine/Plugins/Runtime/OpenXR/Content/Devices/OculusTouch_v3/BaseTexture.uasset" 1234
"../../../Engine/Plugins/Runtime/OpenXR/Content/Devices/OculusTouch_v3/BaseTexture.uexp" 1235
"../../../Engine/Plugins/Runtime/OpenXR/Content/Devices/OculusTouch_v3/MRTexture.ubulk" 1236
"../../../Engine/Plugins/Runtime/OpenXR/Content/Devices/OculusTouch_v3/MRTexture.uasset" 1237
"../../../Engine/Plugins/Runtime/OpenXR/Content/Devices/OculusTouch_v3/MRTexture.uexp" 1238
"../../../Engine/Plugins/Runtime/OpenXR/Content/Devices/OculusTouch_v3/MI_OculusTouch_v3.uasset" 1239
"../../../Engine/Plugins/Runtime/OpenXR/Content/Devices/OculusTouch_v3/MI_OculusTouch_v3.uexp" 1240
"../../../Engine/Plugins/Runtime/OpenXR/Content/Devices/OculusTouch_v3/Left/left_OculusTouch_v3Controller.ubulk" 1241
"../../../Engine/Plugins/Runtime/OpenXR/Content/Devices/OculusTouch_v3/Left/left_OculusTouch_v3Controller.uasset" 1242
"../../../Engine/Plugins/Runtime/OpenXR/Content/Devices/OculusTouch_v3/Left/left_OculusTouch_v3Controller.uexp" 1243
"../../../Engine/Plugins/Runtime/OpenXR/Content/Devices/OculusTouch_v3/Right/right_OculusTouch_v3Controller.ubulk" 1244
"../../../Engine/Plugins/Runtime/OpenXR/Content/Devices/OculusTouch_v3/Right/right_OculusTouch_v3Controller.uasset" 1245
"../../../Engine/Plugins/Runtime/OpenXR/Content/Devices/OculusTouch_v3/Right/right_OculusTouch_v3Controller.uexp" 1246
"../../../Engine/Plugins/Runtime/OpenXR/Content/Devices/ValveIndex/BaseTexture.ubulk" 1247
"../../../Engine/Plugins/Runtime/OpenXR/Content/Devices/ValveIndex/BaseTexture.uasset" 1248
"../../../Engine/Plugins/Runtime/OpenXR/Content/Devices/ValveIndex/BaseTexture.uexp" 1249
"../../../Engine/Plugins/Runtime/OpenXR/Content/Devices/ValveIndex/MRTexture.ubulk" 1250
"../../../Engine/Plugins/Runtime/OpenXR/Content/Devices/ValveIndex/MRTexture.uasset" 1251
"../../../Engine/Plugins/Runtime/OpenXR/Content/Devices/ValveIndex/MRTexture.uexp" 1252
"../../../Engine/Plugins/Runtime/OpenXR/Content/Devices/ValveIndex/Left/MI_left_ValveIndex.uasset" 1253
"../../../Engine/Plugins/Runtime/OpenXR/Content/Devices/ValveIndex/Left/MI_left_ValveIndex.uexp" 1254
"../../../Engine/Plugins/Runtime/OpenXR/Content/Devices/ValveIndex/Left/left_ValveIndexController.ubulk" 1255
"../../../Engine/Plugins/Runtime/OpenXR/Content/Devices/ValveIndex/Left/left_ValveIndexController.uasset" 1256
"../../../Engine/Plugins/Runtime/OpenXR/Content/Devices/ValveIndex/Left/left_ValveIndexController.uexp" 1257
"../../../Engine/Plugins/Runtime/OpenXR/Content/Devices/ValveIndex/Right/MI_right_ValveIndex.uasset" 1258
"../../../Engine/Plugins/Runtime/OpenXR/Content/Devices/ValveIndex/Right/MI_right_ValveIndex.uexp" 1259
"../../../Engine/Plugins/Runtime/OpenXR/Content/Devices/ValveIndex/Right/right_ValveIndexController.ubulk" 1260
"../../../Engine/Plugins/Runtime/OpenXR/Content/Devices/ValveIndex/Right/right_ValveIndexController.uasset" 1261
"../../../Engine/Plugins/Runtime/OpenXR/Content/Devices/ValveIndex/Right/right_ValveIndexController.uexp" 1262
"../../../Engine/Content/Maps/Entry_BuiltData.uasset" 1263
"../../../Engine/Content/Maps/Entry_BuiltData.uexp" 1264
"../../../Engine/Content/Maps/Entry.uexp" 1265
"../../../Engine/Content/Maps/Entry.umap" 1266
"../../../Engine/Content/EngineSky/T_Sky_Blue.ubulk" 1267
"../../../Engine/Content/EngineSky/T_Sky_Blue.uasset" 1268
"../../../Engine/Content/EngineSky/T_Sky_Blue.uexp" 1269
"../../../Engine/Content/EngineSky/T_Sky_Clouds_M.ubulk" 1270
"../../../Engine/Content/EngineSky/T_Sky_Clouds_M.uasset" 1271
"../../../Engine/Content/EngineSky/T_Sky_Clouds_M.uexp" 1272
"../../../Engine/Content/EngineSky/T_Sky_Stars.ubulk" 1273
"../../../Engine/Content/EngineSky/T_Sky_Stars.uasset" 1274
"../../../Engine/Content/EngineSky/T_Sky_Stars.uexp" 1275
"../../../Engine/Content/EngineSky/M_Sky_Panning_Clouds2.uasset" 1276
"../../../Engine/Content/EngineSky/M_Sky_Panning_Clouds2.uexp" 1277
"../../../Engine/Content/EngineSky/SM_SkySphere.ubulk" 1278
"../../../Engine/Content/EngineSky/SM_SkySphere.uasset" 1279
"../../../Engine/Content/EngineSky/SM_SkySphere.uexp" 1280
"../../../Engine/Content/EngineSky/M_SimpleSkyDome.uasset" 1281
"../../../Engine/Content/EngineSky/M_SimpleSkyDome.uexp" 1282
"../../../Engine/Content/MapTemplates/SM_Template_Map_Floor.ubulk" 1283
"../../../Engine/Content/MapTemplates/SM_Template_Map_Floor.uasset" 1284
"../../../Engine/Content/MapTemplates/SM_Template_Map_Floor.uexp" 1285
"../../../Engine/Content/EngineMaterials/BlendFunc_DefBase.uasset" 1286
"../../../Engine/Content/EngineMaterials/BlendFunc_DefBase.uexp" 1287
"../../../Engine/Content/EngineMaterials/BlendFunc_DefBlend.uasset" 1288
"../../../Engine/Content/EngineMaterials/BlendFunc_DefBlend.uexp" 1289
"../../../Engine/Content/Functions/Engine_MaterialFunctions03/Blends/Blend_Overlay.uasset" 1290
"../../../Engine/Content/Functions/Engine_MaterialFunctions03/Blends/Blend_Overlay.uexp" 1291
"../../../Engine/Content/Functions/Engine_MaterialFunctions01/Gradient/LinearGradient.uasset" 1292
"../../../Engine/Content/Functions/Engine_MaterialFunctions01/Gradient/LinearGradient.uexp" 1293
"../../../Engine/Content/Functions/Engine_MaterialFunctions01/ImageAdjustment/CheapContrast.uasset" 1294
"../../../Engine/Content/Functions/Engine_MaterialFunctions01/ImageAdjustment/CheapContrast.uexp" 1295
"../../../Engine/Content/OpenWorldTemplate/LandscapeMaterial/T_GridChecker_A.ubulk" 1296
"../../../Engine/Content/OpenWorldTemplate/LandscapeMaterial/T_GridChecker_A.uasset" 1297
"../../../Engine/Content/OpenWorldTemplate/LandscapeMaterial/T_GridChecker_A.uexp" 1298
"../../../Engine/Content/OpenWorldTemplate/LandscapeMaterial/MF_ProcGrid.uasset" 1299
"../../../Engine/Content/OpenWorldTemplate/LandscapeMaterial/MF_ProcGrid.uexp" 1300
"../../../Engine/Content/OpenWorldTemplate/LandscapeMaterial/M_ProcGrid.uasset" 1301
"../../../Engine/Content/OpenWorldTemplate/LandscapeMaterial/M_ProcGrid.uexp" 1302
"../../../Engine/Content/OpenWorldTemplate/LandscapeMaterial/MI_ProcGrid.uasset" 1303
"../../../Engine/Content/OpenWorldTemplate/LandscapeMaterial/MI_ProcGrid.uexp" 1304
"../../../Engine/Content/EngineResources/DefaultVolumeTexture2D.uasset" 1305
"../../../Engine/Content/EngineResources/DefaultVolumeTexture2D.uexp" 1306
"../../../Engine/Content/EngineResources/DefaultVolumeTexture.uasset" 1307
"../../../Engine/Content/EngineResources/DefaultVolumeTexture.uexp" 1308
"../../../Engine/Content/EngineSky/VolumetricClouds/VT_Lightning.uasset" 1309
"../../../Engine/Content/EngineSky/VolumetricClouds/VT_Lightning.uexp" 1310
"../../../Engine/Content/Functions/Engine_MaterialFunctions01/Units/Km-to-Cm.uasset" 1311
"../../../Engine/Content/Functions/Engine_MaterialFunctions01/Units/Km-to-Cm.uexp" 1312
"../../../Engine/Content/EngineSky/VolumetricClouds/m_SimpleVolumetricCloud.uasset" 1313
"../../../Engine/Content/EngineSky/VolumetricClouds/m_SimpleVolumetricCloud.uexp" 1314
"../../../Engine/Content/EngineSky/VolumetricClouds/T_CloudMask.ubulk" 1315
"../../../Engine/Content/EngineSky/VolumetricClouds/T_CloudMask.uasset" 1316
"../../../Engine/Content/EngineSky/VolumetricClouds/T_CloudMask.uexp" 1317
"../../../Engine/Content/EngineSky/VolumetricClouds/T_CloudPattern.ubulk" 1318
"../../../Engine/Content/EngineSky/VolumetricClouds/T_CloudPattern.uasset" 1319
"../../../Engine/Content/EngineSky/VolumetricClouds/T_CloudPattern.uexp" 1320
"../../../Engine/Content/EngineSky/VolumetricClouds/T_Profile_08.ubulk" 1321
"../../../Engine/Content/EngineSky/VolumetricClouds/T_Profile_08.uasset" 1322
"../../../Engine/Content/EngineSky/VolumetricClouds/T_Profile_08.uexp" 1323
"../../../Engine/Content/EngineSky/VolumetricClouds/VT_PerlinWorley_Balanced.uasset" 1324
"../../../Engine/Content/EngineSky/VolumetricClouds/VT_PerlinWorley_Balanced.uexp" 1325
"../../../Engine/Content/EngineSky/VolumetricClouds/m_SimpleVolumetricCloud_Inst.uasset" 1326
"../../../Engine/Content/EngineSky/VolumetricClouds/m_SimpleVolumetricCloud_Inst.uexp" 1327
"C:/Users/User/OneDrive/Documentos/Unreal Projects/RecorderTest/Content/TestLevel.uexp" 1328
"C:/Users/User/OneDrive/Documentos/Unreal Projects/RecorderTest/Content/TestLevel.umap" 1329
